Area,Room,Parking,Warehouse,Elevator,Address,Price,Price_Million,Price_per_sqm,Price_per_sqm_Million
79.0,2,True,True,True,Abazar,3000000000.0,3000.0,37974683.5443038,37.974683544303794
135.0,3,True,True,True,Abazar,6480000000.0,6480.0,48000000.0,48.0
95.0,2,True,True,True,Abazar,5600000000.0,5600.0,58947368.421052635,58.94736842105264
95.0,2,True,True,True,Abazar,4500000000.0,4500.0,47368421.05263158,47.36842105263158
102.0,2,True,True,True,Abazar,5200000000.0,5200.0,50980392.15686274,50.98039215686274
120.0,2,True,True,True,Abazar,6250000000.0,6250.0,52083333.333333336,52.083333333333336
95.0,2,True,True,True,Abazar,6700000000.0,6700.0,70526315.78947368,70.52631578947368
87.0,2,True,True,True,Abazar,5655000000.0,5655.0,65000000.0,65.0
88.0,2,True,True,True,Abazar,5600000000.0,5600.0,63636363.63636363,63.63636363636363
114.0,2,True,True,True,Abazar,6700000000.0,6700.0,58771929.8245614,58.771929824561404
87.0,2,True,True,True,Abazar,5600000000.0,5600.0,64367816.09195402,64.36781609195403
104.0,2,True,True,True,Abazar,3400000000.0,3400.0,32692307.692307692,32.69230769230769
76.0,2,True,True,True,Abazar,3000000000.0,3000.0,39473684.21052632,39.473684210526315
82.0,2,True,True,True,Abazar,3800000000.0,3800.0,46341463.414634146,46.34146341463415
106.0,2,True,True,True,Abazar,4500000000.0,4500.0,42452830.18867925,42.45283018867925
120.0,2,True,True,True,Abazar,3880000000.0,3880.0,32333333.333333332,32.33333333333333
65.0,2,True,True,True,Abazar,2500000000.0,2500.0,38461538.461538464,38.46153846153847
80.0,2,True,True,True,Abazar,3000000000.0,3000.0,37500000.0,37.5
112.0,3,True,True,True,Abazar,4300000000.0,4300.0,38392857.14285714,38.39285714285714
110.0,3,True,True,True,Abazar,4250000000.0,4250.0,38636363.63636363,38.63636363636363
72.0,2,True,True,True,Abazar,3350000000.0,3350.0,46527777.777777776,46.52777777777778
60.0,1,True,True,True,Abbasabad,2460000000.0,2460.0,41000000.0,41.0
90.0,2,True,True,True,Abbasabad,4000000000.0,4000.0,44444444.44444445,44.44444444444445
450.0,2,True,True,False,Absard,4200000000.0,4200.0,9333333.333333334,9.333333333333334
500.0,2,True,True,False,Absard,3900000000.0,3900.0,7800000.0,7.8
650.0,2,True,True,False,Absard,5200000000.0,5200.0,8000000.0,8.0
550.0,3,True,True,False,Absard,4500000000.0,4500.0,8181818.181818182,8.181818181818182
450.0,2,False,False,False,Absard,4500000000.0,4500.0,10000000.0,10.0
500.0,2,True,True,False,Absard,3100000000.0,3100.0,6200000.0,6.2
50.0,1,False,True,False,Abuzar,850000000.0,850.0,17000000.0,17.0
49.0,1,False,False,False,Abuzar,1020000000.0,1020.0,20816326.530612245,20.816326530612244
85.0,2,True,False,True,Abuzar,2715000000.0,2715.0,31941176.470588237,31.941176470588236
70.0,2,True,False,True,Afsarieh,1650000000.0,1650.0,23571428.57142857,23.57142857142857
120.0,1,False,False,False,Afsarieh,3150000000.0,3150.0,26250000.0,26.25
105.0,2,True,True,True,Afsarieh,2400000000.0,2400.0,22857142.85714286,22.857142857142858
65.0,2,True,True,False,Afsarieh,1330000000.0,1330.0,20461538.46153846,20.46153846153846
65.0,2,True,True,True,Afsarieh,1550000000.0,1550.0,23846153.846153848,23.846153846153847
43.0,1,False,True,False,Ahang,800000000.0,800.0,18604651.162790697,18.6046511627907
68.0,1,True,False,True,Ahang,1400000000.0,1400.0,20588235.29411765,20.58823529411765
75.0,2,False,False,False,Air force,1650000000.0,1650.0,22000000.0,22.0
105.0,2,True,True,True,Air force,3990000000.0,3990.0,38000000.0,38.0
86.0,2,True,False,True,Air force,3000000000.0,3000.0,34883720.930232555,34.883720930232556
86.0,2,True,True,True,Air force,2924000000.0,2924.0,34000000.0,34.0
104.0,2,True,False,True,Air force,4200000000.0,4200.0,40384615.384615384,40.38461538461539
85.0,2,True,True,False,Air force,2700000000.0,2700.0,31764705.88235294,31.764705882352942
65.0,1,True,True,True,Air force,1690000000.0,1690.0,26000000.0,26.0
88.0,2,False,True,False,Air force,2500000000.0,2500.0,28409090.90909091,28.40909090909091
65.0,2,True,False,True,Air force,1750000000.0,1750.0,26923076.923076924,26.923076923076923
100.0,2,True,True,True,Ajudaniye,6500000000.0,6500.0,65000000.0,65.0
303.0,3,True,True,True,Ajudaniye,30000000000.0,30000.0,99009900.99009901,99.00990099009901
100.0,2,True,True,True,Ajudaniye,6300000000.0,6300.0,63000000.0,63.0
180.0,3,True,True,True,Ajudaniye,13500000000.0,13500.0,75000000.0,75.0
200.0,3,True,True,True,Ajudaniye,27000000000.0,27000.0,135000000.0,135.0
64.0,1,True,True,False,Alborz Complex,645000000.0,645.0,10078125.0,10.078125
73.0,2,True,True,False,Aliabad South,850000000.0,850.0,11643835.616438355,11.643835616438356
74.0,2,True,True,True,Amir Bahador,1702000000.0,1702.0,23000000.0,23.0
93.0,2,True,True,True,Amir Bahador,2139000000.0,2139.0,23000000.0,23.0
63.0,2,True,True,True,Amir Bahador,1638000000.0,1638.0,26000000.0,26.0
57.0,1,False,True,False,Amir Bahador,9800000000.0,9800.0,171929824.5614035,171.9298245614035
90.0,2,True,True,True,Amirabad,4590000000.0,4590.0,51000000.0,51.0
120.0,2,True,True,False,Amirabad,4500000000.0,4500.0,37500000.0,37.5
142.0,3,True,True,True,Amirabad,5500000000.0,5500.0,38732394.366197184,38.732394366197184
86.0,2,True,True,True,Amirabad,4730000000.0,4730.0,55000000.0,55.0
113.0,2,True,True,True,Amirabad,5080000000.0,5080.0,44955752.21238938,44.95575221238938
87.0,2,True,True,True,Amirabad,4780000000.0,4780.0,54942528.73563218,54.94252873563218
94.0,2,True,True,False,Amirabad,3400000000.0,3400.0,36170212.765957445,36.170212765957444
110.0,2,True,False,False,Amirabad,4000000000.0,4000.0,36363636.36363637,36.36363636363637
89.0,2,True,True,False,Amirabad,3500000000.0,3500.0,39325842.69662921,39.32584269662921
102.0,3,False,False,True,Amirabad,4300000000.0,4300.0,42156862.74509804,42.15686274509804
77.0,2,True,True,True,Amirieh,1771000000.0,1771.0,23000000.0,23.0
72.0,2,True,True,True,Amirieh,1650000000.0,1650.0,22916666.666666668,22.916666666666668
74.0,2,True,True,True,Amirieh,1700000000.0,1700.0,22972972.972972974,22.972972972972975
74.0,2,True,True,True,Amirieh,1700000000.0,1700.0,22972972.972972974,22.972972972972975
70.0,2,True,True,True,Amirieh,1630000000.0,1630.0,23285714.285714287,23.28571428571429
74.0,2,True,True,True,Amirieh,1700000000.0,1700.0,22972972.972972974,22.972972972972975
72.0,2,True,True,True,Amirieh,1670000000.0,1670.0,23194444.444444444,23.194444444444443
71.0,2,True,True,True,Amirieh,1650000088.0,1650.000088,23239437.85915493,23.23943785915493
54.0,2,True,True,False,Andisheh,493000000.0,493.0,9129629.629629629,9.129629629629628
44.0,1,True,True,False,Andisheh,350000000.0,350.0,7954545.454545454,7.954545454545454
95.0,2,True,True,True,Andisheh,1500000000.0,1500.0,15789473.684210526,15.789473684210526
134.0,3,True,True,True,Andisheh,1600000000.0,1600.0,11940298.507462686,11.940298507462686
115.0,2,True,True,True,Andisheh,1900000000.0,1900.0,16521739.130434783,16.521739130434785
46.0,1,True,True,False,Andisheh,450000000.0,450.0,9782608.695652174,9.782608695652174
40.0,1,True,True,True,Andisheh,350000000.0,350.0,8750000.0,8.75
72.0,1,True,True,False,Andisheh,730000000.0,730.0,10138888.888888888,10.138888888888888
64.0,2,True,True,False,Andisheh,960000000.0,960.0,15000000.0,15.0
81.0,2,True,True,False,Andisheh,1109700000.0,1109.7,13700000.0,13.7
94.0,2,True,True,True,Andisheh,1250000000.0,1250.0,13297872.340425532,13.297872340425533
44.0,1,True,True,False,Andisheh,585000000.0,585.0,13295454.545454545,13.295454545454545
71.0,2,True,True,False,Andisheh,940000000.0,940.0,13239436.61971831,13.23943661971831
80.0,2,True,True,False,Andisheh,1110000000.0,1110.0,13875000.0,13.875
84.0,3,True,True,True,Andisheh,1590000000.0,1590.0,18928571.42857143,18.92857142857143
49.0,1,True,True,False,Andisheh,380000000.0,380.0,7755102.040816327,7.755102040816326
63.0,2,True,True,False,Andisheh,870000000.0,870.0,13809523.80952381,13.80952380952381
48.0,1,True,True,True,Andisheh,400000000.0,400.0,8333333.333333333,8.333333333333332
54.0,1,True,True,False,Andisheh,500000000.0,500.0,9259259.25925926,9.25925925925926
76.0,2,True,True,True,Andisheh,896000000.0,896.0,11789473.684210526,11.789473684210526
133.0,3,False,False,False,Andisheh,1600000000.0,1600.0,12030075.187969925,12.030075187969924
84.0,3,True,True,True,Andisheh,1554000000.0,1554.0,18500000.0,18.5
140.0,3,True,True,True,Andisheh,1484000000.0,1484.0,10600000.0,10.6
37.0,1,False,True,False,Andisheh,355000000.0,355.0,9594594.594594594,9.594594594594595
120.0,2,True,True,False,Andisheh,1800000000.0,1800.0,15000000.0,15.0
89.0,2,True,False,True,Andisheh,1100000000.0,1100.0,12359550.561797753,12.359550561797754
95.0,2,True,True,True,Andisheh,1200000000.0,1200.0,12631578.94736842,12.631578947368421
134.0,3,True,True,True,Andisheh,1100000000.0,1100.0,8208955.223880597,8.208955223880597
134.0,3,True,True,True,Andisheh,1100000000.0,1100.0,8208955.223880597,8.208955223880597
105.0,2,False,True,False,Andisheh,1100000000.0,1100.0,10476190.476190476,10.476190476190476
45.0,1,False,True,False,Andisheh,395000000.0,395.0,8777777.777777778,8.777777777777779
60.0,2,True,True,True,Andisheh,950000000.0,950.0,15833333.333333334,15.833333333333334
105.0,2,True,True,True,Andisheh,1930000000.0,1930.0,18380952.38095238,18.38095238095238
105.0,2,True,True,False,Andisheh,1000000000.0,1000.0,9523809.523809524,9.523809523809524
92.0,2,False,True,False,Andisheh,930000000.0,930.0,10108695.652173912,10.108695652173912
100.0,2,True,True,True,Andisheh,1800000000.0,1800.0,18000000.0,18.0
55.0,1,True,True,False,Andisheh,550000000.0,550.0,10000000.0,10.0
50.0,1,True,True,False,Andisheh,650000000.0,650.0,13000000.0,13.0
84.0,2,True,True,False,Andisheh,773000000.0,773.0,9202380.952380951,9.20238095238095
105.0,2,True,True,True,Andisheh,1200000000.0,1200.0,11428571.42857143,11.428571428571429
89.0,2,True,True,False,Andisheh,1068000000.0,1068.0,12000000.0,12.0
39.0,1,False,True,False,Andisheh,370000000.0,370.0,9487179.487179488,9.487179487179487
52.0,1,False,True,True,Andisheh,665000000.0,665.0,12788461.538461538,12.788461538461538
50.0,1,True,True,False,Andisheh,755000000.0,755.0,15100000.0,15.1
85.0,2,True,True,True,Andisheh,1100000000.0,1100.0,12941176.470588235,12.941176470588236
63.0,2,False,True,False,Andisheh,410000000.0,410.0,6507936.507936508,6.507936507936509
73.0,2,True,True,False,Andisheh,868000000.0,868.0,11890410.95890411,11.89041095890411
95.0,2,True,True,True,Andisheh,1200000000.0,1200.0,12631578.94736842,12.631578947368421
98.0,2,True,True,True,Andisheh,1370000000.0,1370.0,13979591.836734693,13.979591836734693
52.0,1,True,True,False,Andisheh,670000000.0,670.0,12884615.384615384,12.884615384615383
40.0,1,True,True,False,Andisheh,260000000.0,260.0,6500000.0,6.5
37.0,1,True,True,False,Andisheh,345000000.0,345.0,9324324.324324325,9.324324324324325
51.0,1,True,True,False,Andisheh,670000000.0,670.0,13137254.901960785,13.137254901960784
58.0,2,True,True,False,Andisheh,754000000.0,754.0,13000000.0,13.0
105.0,2,True,True,False,Andisheh,1100000000.0,1100.0,10476190.476190476,10.476190476190476
39.0,1,True,True,False,Andisheh,550000000.0,550.0,14102564.102564102,14.102564102564102
55.0,2,True,True,True,Andisheh,450000000.0,450.0,8181818.181818182,8.181818181818182
55.0,1,True,True,True,Andisheh,450000000.0,450.0,8181818.181818182,8.181818181818182
65.0,2,True,True,False,Andisheh,600000000.0,600.0,9230769.23076923,9.23076923076923
66.0,1,False,True,False,Andisheh,750000000.0,750.0,11363636.363636363,11.363636363636363
38.0,1,False,True,False,Andisheh,320000000.0,320.0,8421052.631578946,8.421052631578947
56.0,2,True,True,False,Andisheh,515000000.0,515.0,9196428.57142857,9.196428571428571
72.0,2,False,False,False,Andisheh,950000000.0,950.0,13194444.444444444,13.194444444444445
55.0,1,True,True,True,Andisheh,797500000.0,797.5,14500000.0,14.5
69.0,2,True,True,False,Andisheh,980000000.0,980.0,14202898.550724637,14.202898550724637
59.0,1,True,True,True,Andisheh,708000000.0,708.0,12000000.0,12.0
61.0,2,False,True,False,Andisheh,460000000.0,460.0,7540983.606557377,7.5409836065573765
122.0,3,True,True,True,Aqdasieh,7200000000.0,7200.0,59016393.44262295,59.01639344262295
122.0,2,True,True,True,Aqdasieh,7000000000.0,7000.0,57377049.18032787,57.37704918032787
180.0,3,True,True,True,Aqdasieh,12600000000.0,12600.0,70000000.0,70.0
122.0,2,True,True,True,Aqdasieh,7000000000.0,7000.0,57377049.18032787,57.37704918032787
54.0,1,True,True,False,Aqdasieh,3500000000.0,3500.0,64814814.81481481,64.81481481481481
200.0,3,True,True,True,Aqdasieh,13300000000.0,13300.0,66500000.0,66.5
202.0,3,True,True,True,Aqdasieh,13200000000.0,13200.0,65346534.653465346,65.34653465346534
200.0,3,True,True,True,Aqdasieh,13400000000.0,13400.0,67000000.0,67.0
202.0,3,True,True,True,Aqdasieh,14700000000.0,14700.0,72772277.22772278,72.77227722772278
153.0,2,True,True,True,Aqdasieh,10500000000.0,10500.0,68627450.98039216,68.62745098039215
150.0,2,True,True,True,Aqdasieh,10500000000.0,10500.0,70000000.0,70.0
201.0,3,True,True,True,Aqdasieh,14200000000.0,14200.0,70646766.16915423,70.64676616915423
200.0,3,True,True,True,Aqdasieh,14000000000.0,14000.0,70000000.0,70.0
63.0,1,True,True,True,Aqdasieh,4000000000.0,4000.0,63492063.49206349,63.492063492063494
100.0,2,True,True,True,Aqdasieh,7000000000.0,7000.0,70000000.0,70.0
77.0,2,True,True,True,Aqdasieh,5200000000.0,5200.0,67532467.53246753,67.53246753246754
203.0,3,True,True,True,Araj,13800000000.0,13800.0,67980295.56650247,67.98029556650246
200.0,3,True,True,True,Araj,13700000000.0,13700.0,68500000.0,68.5
202.0,3,False,False,False,Araj,13300000000.0,13300.0,65841584.15841584,65.84158415841584
200.0,3,True,True,True,Araj,13300000000.0,13300.0,66500000.0,66.5
202.0,3,False,False,False,Araj,13500000000.0,13500.0,66831683.16831683,66.83168316831683
202.0,3,True,True,True,Araj,13700000000.0,13700.0,67821782.17821783,67.82178217821783
303.0,5,True,True,False,Argentina,33330000000.0,33330.0,110000000.0,110.0
300.0,3,True,True,False,Argentina,17000000000.0,17000.0,56666666.666666664,56.666666666666664
93.0,2,True,True,True,Atabak,1300000000.0,1300.0,13978494.623655913,13.978494623655914
56.0,3,False,True,False,Atabak,900000000.0,900.0,16071428.57142857,16.07142857142857
83.0,3,False,False,False,Atabak,1286500000.0,1286.5,15500000.0,15.5
96.0,2,True,True,True,Azadshahr,3750000000.0,3750.0,39062500.0,39.0625
145.0,2,True,True,True,Azadshahr,4500000000.0,4500.0,31034482.75862069,31.03448275862069
123.0,3,True,True,False,Azadshahr,3450000000.0,3450.0,28048780.48780488,28.04878048780488
85.0,2,False,False,False,Azadshahr,3100000000.0,3100.0,36470588.23529412,36.470588235294116
160.0,3,True,True,False,Azadshahr,4500000000.0,4500.0,28125000.0,28.125
80.0,2,True,True,True,Azarbaijan,2800000000.0,2800.0,35000000.0,35.0
60.0,2,True,True,True,Azarbaijan,1950000000.0,1950.0,32500000.0,32.5
64.0,2,True,True,True,Azarbaijan,2090000000.0,2090.0,32656250.0,32.65625
63.0,2,False,True,False,Azarbaijan,1340000000.0,1340.0,21269841.26984127,21.26984126984127
53.0,1,True,True,True,Azarbaijan,1500000000.0,1500.0,28301886.79245283,28.30188679245283
80.0,2,True,True,True,Azarbaijan,2480000000.0,2480.0,31000000.0,31.0
57.0,1,True,True,True,Azarbaijan,1750000000.0,1750.0,30701754.38596491,30.70175438596491
54.0,1,False,True,False,Azarbaijan,1100000000.0,1100.0,20370370.37037037,20.37037037037037
40.0,1,True,True,True,Azarbaijan,1150000000.0,1150.0,28750000.0,28.75
55.0,2,True,True,True,Azarbaijan,1000000000.0,1000.0,18181818.181818184,18.181818181818183
63.0,2,True,True,False,Azarbaijan,1390000000.0,1390.0,22063492.063492063,22.063492063492063
40.0,1,False,True,False,Azarbaijan,1000000000.0,1000.0,25000000.0,25.0
37.0,1,False,True,False,Azarbaijan,950000000.0,950.0,25675675.675675675,25.675675675675674
60.0,1,False,True,False,Azarbaijan,740000000.0,740.0,12333333.333333334,12.333333333333334
50.0,1,False,False,False,Azarbaijan,1200000000.0,1200.0,24000000.0,24.0
60.0,2,True,True,False,Azarbaijan,1620000000.0,1620.0,27000000.0,27.0
77.0,2,False,True,True,Azarbaijan,1800000000.0,1800.0,23376623.376623377,23.376623376623378
50.0,1,True,True,False,Azarbaijan,1250000000.0,1250.0,25000000.0,25.0
58.0,1,False,True,False,Azarbaijan,1270000000.0,1270.0,21896551.724137932,21.896551724137932
71.0,2,True,True,True,Azari,1640000000.0,1640.0,23098591.549295776,23.098591549295776
79.0,2,False,False,False,Baghestan,750000000.0,750.0,9493670.88607595,9.493670886075948
85.0,2,True,True,False,Baghestan,765000000.0,765.0,9000000.0,9.0
75.0,2,False,False,False,Baghestan,600000000.0,600.0,8000000.0,8.0
70.0,1,False,False,False,Baghestan,560000000.0,560.0,8000000.0,8.0
62.0,1,False,True,True,Baghestan,620000000.0,620.0,10000000.0,10.0
53.0,1,False,True,False,Baghestan,450000000.0,450.0,8490566.03773585,8.49056603773585
50.0,1,False,True,False,Baghestan,410000000.0,410.0,8200000.0,8.2
70.0,2,False,True,True,Bahar,1200000000.0,1200.0,17142857.14285714,17.142857142857142
78.0,2,False,True,False,Baqershahr,800000000.0,800.0,10256410.256410256,10.256410256410255
66.0,2,False,True,False,Beryanak,1000000000.0,1000.0,15151515.151515152,15.151515151515152
54.0,1,False,True,False,Beryanak,830000000.0,830.0,15370370.370370371,15.370370370370372
62.0,2,True,True,True,Beryanak,1400000000.0,1400.0,22580645.16129032,22.58064516129032
66.0,2,False,True,False,Beryanak,1000000000.0,1000.0,15151515.151515152,15.151515151515152
50.0,1,True,True,False,Beryanak,830000000.0,830.0,16600000.0,16.6
62.0,2,False,True,False,Beryanak,930000000.0,930.0,15000000.0,15.0
72.0,2,False,True,True,Beryanak,1290000000.0,1290.0,17916666.666666668,17.916666666666668
75.0,2,True,True,True,Beryanak,1450000000.0,1450.0,19333333.333333332,19.333333333333332
67.0,1,True,False,True,Beryanak,1415000000.0,1415.0,21119402.98507463,21.11940298507463
65.0,2,False,False,True,Beryanak,1310000000.0,1310.0,20153846.153846152,20.153846153846153
72.0,2,False,True,True,Beryanak,1300000000.0,1300.0,18055555.555555556,18.055555555555557
48.0,1,False,True,False,Beryanak,830000000.0,830.0,17291666.666666668,17.291666666666668
60.0,1,False,True,False,Beryanak,830000000.0,830.0,13833333.333333334,13.833333333333334
33.0,1,False,True,False,Beryanak,560000000.0,560.0,16969696.96969697,16.96969696969697
59.0,1,False,True,False,Beryanak,880000000.0,880.0,14915254.237288136,14.915254237288137
55.0,2,False,True,True,Beryanak,1020000000.0,1020.0,18545454.545454547,18.545454545454547
43.0,1,False,True,True,Beryanak,725000000.0,725.0,16860465.11627907,16.86046511627907
62.0,1,False,True,False,Beryanak,682000000.0,682.0,11000000.0,11.0
48.0,1,False,False,False,Beryanak,740000000.0,740.0,15416666.666666666,15.416666666666666
54.0,1,False,True,False,Beryanak,760000000.0,760.0,14074074.074074075,14.074074074074074
68.0,2,False,True,True,Beryanak,1258000000.0,1258.0,18500000.0,18.5
82.0,2,True,True,True,Boloorsazi,1600000000.0,1600.0,19512195.12195122,19.51219512195122
70.0,1,True,True,True,Central Janatabad,3100000000.0,3100.0,44285714.28571428,44.285714285714285
63.0,2,True,True,True,Central Janatabad,3000000000.0,3000.0,47619047.61904762,47.61904761904762
90.0,2,True,True,True,Central Janatabad,3780000000.0,3780.0,42000000.0,42.0
67.0,2,True,True,True,Central Janatabad,2750000000.0,2750.0,41044776.11940298,41.04477611940298
80.0,2,True,True,True,Central Janatabad,3350000000.0,3350.0,41875000.0,41.875
75.0,1,True,True,True,Central Janatabad,3000000000.0,3000.0,40000000.0,40.0
75.0,2,True,True,True,Central Janatabad,3220000000.0,3220.0,42933333.333333336,42.93333333333334
80.0,2,True,True,True,Central Janatabad,3120000000.0,3120.0,39000000.0,39.0
75.0,1,True,True,True,Central Janatabad,3250000000.0,3250.0,43333333.333333336,43.333333333333336
86.0,2,True,True,True,Central Janatabad,3480000000.0,3480.0,40465116.27906977,40.46511627906977
88.0,2,True,True,True,Central Janatabad,3600000000.0,3600.0,40909090.90909091,40.90909090909091
93.0,2,True,True,True,Central Janatabad,4650000000.0,4650.0,50000000.0,50.0
110.0,2,True,True,True,Central Janatabad,4500000000.0,4500.0,40909090.90909091,40.90909090909091
75.0,1,True,True,True,Central Janatabad,3200000000.0,3200.0,42666666.666666664,42.666666666666664
80.0,2,True,True,True,Central Janatabad,4240000000.0,4240.0,53000000.0,53.0
67.0,2,True,True,False,Central Janatabad,2400000000.0,2400.0,35820895.52238806,35.820895522388064
58.0,2,True,True,False,Central Janatabad,2080000000.0,2080.0,35862068.96551724,35.86206896551724
61.0,1,True,True,False,Central Janatabad,2180000000.0,2180.0,35737704.91803279,35.73770491803279
81.0,2,True,True,True,Central Janatabad,4000000000.0,4000.0,49382716.04938272,49.382716049382715
70.0,1,True,True,True,Central Janatabad,3100000000.0,3100.0,44285714.28571428,44.285714285714285
66.0,2,True,True,True,Central Janatabad,2700000000.0,2700.0,40909090.90909091,40.90909090909091
75.0,2,True,True,True,Central Janatabad,3300000000.0,3300.0,44000000.0,44.0
89.0,2,True,True,True,Central Janatabad,3620000000.0,3620.0,40674157.30337079,40.67415730337079
65.0,1,True,True,True,Central Janatabad,3500000000.0,3500.0,53846153.84615385,53.84615384615385
95.0,2,True,True,True,Central Janatabad,3700000000.0,3700.0,38947368.421052635,38.94736842105264
60.0,2,True,True,False,Central Janatabad,2100000000.0,2100.0,35000000.0,35.0
90.0,2,True,True,False,Central Janatabad,3200000000.0,3200.0,35555555.55555555,35.55555555555555
98.0,2,True,True,True,Central Janatabad,4480000000.0,4480.0,45714285.71428572,45.714285714285715
76.0,2,True,True,True,Central Janatabad,2700000000.0,2700.0,35526315.78947368,35.526315789473685
115.0,2,True,True,True,Central Janatabad,5080000000.0,5080.0,44173913.04347826,44.17391304347826
92.0,2,True,True,True,Central Janatabad,3570000000.0,3570.0,38804347.82608695,38.80434782608695
103.0,2,True,True,True,Central Janatabad,4300000000.0,4300.0,41747572.81553398,41.74757281553398
86.0,2,True,True,True,Central Janatabad,3480000000.0,3480.0,40465116.27906977,40.46511627906977
85.0,2,True,True,True,Central Janatabad,3150000000.0,3150.0,37058823.52941176,37.05882352941176
88.0,2,True,True,True,Central Janatabad,3400000000.0,3400.0,38636363.63636363,38.63636363636363
93.0,2,True,True,True,Central Janatabad,4370000000.0,4370.0,46989247.31182796,46.98924731182796
79.0,2,True,True,True,Central Janatabad,2999000000.0,2999.0,37962025.3164557,37.9620253164557
77.0,2,True,True,False,Central Janatabad,2400000000.0,2400.0,31168831.16883117,31.16883116883117
83.0,2,True,True,True,Central Janatabad,3859000000.0,3859.0,46493975.90361446,46.49397590361446
94.0,2,True,True,True,Central Janatabad,4512000000.0,4512.0,48000000.0,48.0
101.0,2,True,True,True,Central Janatabad,4700000000.0,4700.0,46534653.46534654,46.53465346534654
75.0,2,True,True,False,Central Janatabad,2750000000.0,2750.0,36666666.666666664,36.666666666666664
97.0,2,True,True,True,Central Janatabad,3600000000.0,3600.0,37113402.061855674,37.11340206185567
105.0,2,True,True,True,Central Janatabad,4300000000.0,4300.0,40952380.952380955,40.952380952380956
100.0,2,True,True,True,Central Janatabad,3600000000.0,3600.0,36000000.0,36.0
90.0,2,True,True,True,Central Janatabad,3600000000.0,3600.0,40000000.0,40.0
110.0,1,True,True,True,Central Janatabad,4450000000.0,4450.0,40454545.45454545,40.45454545454545
86.0,2,True,True,True,Central Janatabad,3600000000.0,3600.0,41860465.11627907,41.86046511627907
60.0,1,True,True,False,Central Janatabad,2190000000.0,2190.0,36500000.0,36.5
85.0,2,True,True,True,Central Janatabad,3350000000.0,3350.0,39411764.705882356,39.411764705882355
86.0,2,True,True,True,Central Janatabad,3800000000.0,3800.0,44186046.511627905,44.18604651162791
115.0,2,True,True,True,Central Janatabad,4870000000.0,4870.0,42347826.08695652,42.34782608695652
80.0,2,True,True,True,Central Janatabad,3395000000.0,3395.0,42437500.0,42.4375
64.0,2,True,True,True,Central Janatabad,2240000000.0,2240.0,35000000.0,35.0
86.0,2,True,True,True,Central Janatabad,3330000000.0,3330.0,38720930.23255814,38.72093023255814
94.0,2,True,True,True,Central Janatabad,4300000000.0,4300.0,45744680.85106383,45.74468085106383
58.0,1,True,True,False,Central Janatabad,2000000000.0,2000.0,34482758.62068965,34.48275862068965
70.0,2,True,True,False,Central Janatabad,2100000000.0,2100.0,30000000.0,30.0
85.0,2,True,True,True,Central Janatabad,3300000000.0,3300.0,38823529.4117647,38.8235294117647
73.0,2,True,False,False,Central Janatabad,2750000000.0,2750.0,37671232.87671233,37.67123287671233
88.0,2,True,True,True,Central Janatabad,4000000000.0,4000.0,45454545.45454545,45.45454545454545
95.0,2,True,True,True,Central Janatabad,4000000000.0,4000.0,42105263.15789474,42.10526315789474
60.0,2,True,True,False,Central Janatabad,2100000000.0,2100.0,35000000.0,35.0
65.0,2,True,True,True,Central Janatabad,2620000000.0,2620.0,40307692.307692304,40.30769230769231
84.0,2,True,True,True,Central Janatabad,3850000000.0,3850.0,45833333.333333336,45.833333333333336
67.0,2,True,True,True,Central Janatabad,3150000000.0,3150.0,47014925.37313433,47.01492537313433
66.0,2,True,True,True,Central Janatabad,2620000000.0,2620.0,39696969.696969695,39.696969696969695
90.0,2,True,True,True,Central Janatabad,3600000000.0,3600.0,40000000.0,40.0
75.0,2,True,True,True,Central Janatabad,3300000000.0,3300.0,44000000.0,44.0
90.0,2,True,True,True,Central Janatabad,3550000000.0,3550.0,39444444.44444445,39.44444444444445
115.0,2,True,True,True,Central Janatabad,3900000000.0,3900.0,33913043.47826087,33.91304347826087
90.0,2,True,True,True,Central Janatabad,3590000000.0,3590.0,39888888.88888889,39.888888888888886
86.0,2,True,True,True,Central Janatabad,4300000000.0,4300.0,50000000.0,50.0
61.0,1,True,True,True,Central Janatabad,2000000000.0,2000.0,32786885.24590164,32.786885245901644
82.0,2,True,True,True,Central Janatabad,3000000000.0,3000.0,36585365.853658535,36.58536585365854
80.0,2,True,True,True,Central Janatabad,3000000000.0,3000.0,37500000.0,37.5
46.0,1,True,True,True,Central Janatabad,1950000000.0,1950.0,42391304.347826086,42.391304347826086
92.0,2,True,True,True,Central Janatabad,3400000000.0,3400.0,36956521.73913044,36.95652173913044
85.0,2,False,True,True,Central Janatabad,3200000000.0,3200.0,37647058.823529415,37.64705882352941
88.0,2,True,True,True,Central Janatabad,4000000000.0,4000.0,45454545.45454545,45.45454545454545
75.0,2,False,False,False,Chahardangeh,780000000.0,780.0,10400000.0,10.4
150.0,2,False,True,True,Chardangeh,1200000000.0,1200.0,8000000.0,8.0
144.0,3,True,True,True,Chardivari,7632000000.0,7632.0,53000000.0,53.0
58.0,1,True,True,False,Chidz,3000000000.0,3000.0,51724137.93103448,51.724137931034484
107.0,2,True,True,True,Chidz,8600000000.0,8600.0,80373831.77570094,80.37383177570094
200.0,2,True,True,False,Damavand,3500000000.0,3500.0,17500000.0,17.5
1000.0,2,True,True,False,Damavand,7000000000.0,7000.0,7000000.0,7.0
450.0,3,True,False,False,Damavand,3850000000.0,3850.0,8555555.555555556,8.555555555555555
465.0,2,True,False,False,Damavand,3300000000.0,3300.0,7096774.193548387,7.096774193548387
84.0,2,True,True,True,Damavand,2150000000.0,2150.0,25595238.095238097,25.5952380952381
900.0,3,True,True,False,Damavand,8500000000.0,8500.0,9444444.444444444,9.444444444444445
60.0,1,False,False,False,Damavand,900000000.0,900.0,15000000.0,15.0
78.0,2,False,False,False,Damavand,490000000.0,490.0,6282051.282051282,6.282051282051282
700.0,3,True,True,False,Damavand,4500000000.0,4500.0,6428571.428571428,6.428571428571428
90.0,2,True,True,True,Damavand,605000000.0,605.0,6722222.222222222,6.722222222222222
52.0,1,False,False,False,Damavand,375000000.0,375.0,7211538.461538462,7.211538461538462
106.0,2,True,True,True,Damavand,2360000000.0,2360.0,22264150.943396226,22.264150943396224
83.0,2,True,True,False,Damavand,1550000000.0,1550.0,18674698.795180723,18.674698795180724
75.0,2,False,False,False,Damavand,520000000.0,520.0,6933333.333333333,6.933333333333333
62.0,1,False,False,False,Damavand,710000000.0,710.0,11451612.903225806,11.451612903225806
700.0,3,True,True,False,Damavand,7000000000.0,7000.0,10000000.0,10.0
90.0,2,True,True,True,Damavand,1350000000.0,1350.0,15000000.0,15.0
600.0,2,False,False,False,Damavand,4000000000.0,4000.0,6666666.666666667,6.666666666666667
95.0,2,True,True,True,Damavand,1750000000.0,1750.0,18421052.63157895,18.42105263157895
80.0,2,False,False,False,Damavand,750000000.0,750.0,9375000.0,9.375
94.0,2,False,True,True,Damavand,595000000.0,595.0,6329787.234042553,6.329787234042553
90.0,2,True,True,True,Darabad,5300000000.0,5300.0,58888888.88888889,58.888888888888886
87.0,2,True,True,True,Darabad,5850000000.0,5850.0,67241379.31034483,67.24137931034483
112.0,2,True,True,True,Darabad,7000000000.0,7000.0,62500000.0,62.5
72.0,2,True,True,True,Darakeh,2900000000.0,2900.0,40277777.777777776,40.27777777777778
74.0,2,True,True,True,Darband,4100000000.0,4100.0,55405405.4054054,55.4054054054054
148.0,3,True,True,True,Daryan No,5990000000.0,5990.0,40472972.972972974,40.472972972972975
140.0,3,True,True,True,Daryan No,6300000000.0,6300.0,45000000.0,45.0
148.0,3,True,True,True,Daryan No,6000000000.0,6000.0,40540540.54054054,40.54054054054054
70.0,2,True,True,False,Dehkade Olampic,2000000000.0,2000.0,28571428.57142857,28.57142857142857
116.0,2,True,True,True,Dehkade Olampic,4350000000.0,4350.0,37500000.0,37.5
140.0,3,True,True,True,Dehkade Olampic,4400000000.0,4400.0,31428571.42857143,31.42857142857143
121.0,2,True,True,True,Dehkade Olampic,4840000000.0,4840.0,40000000.0,40.0
70.0,1,True,True,False,Dehkade Olampic,2000000000.0,2000.0,28571428.57142857,28.57142857142857
135.0,3,True,True,True,Dehkade Olampic,4200000000.0,4200.0,31111111.111111112,31.11111111111111
105.0,2,True,True,True,Dehkade Olampic,4100000000.0,4100.0,39047619.047619045,39.047619047619044
125.0,2,True,True,True,Dezashib,11250000000.0,11250.0,90000000.0,90.0
145.0,3,True,True,True,Dezashib,12300000000.0,12300.0,84827586.20689656,84.82758620689656
125.0,2,True,True,True,Dezashib,11250000000.0,11250.0,90000000.0,90.0
145.0,3,True,True,True,Dezashib,12325000000.0,12325.0,85000000.0,85.0
125.0,2,True,True,True,Dezashib,11250000000.0,11250.0,90000000.0,90.0
150.0,3,True,True,True,Dezashib,12000000000.0,12000.0,80000000.0,80.0
47.0,1,True,True,False,Dolatabad,695000000.0,695.0,14787234.042553192,14.787234042553193
83.0,2,True,True,True,Dolatabad,1490000000.0,1490.0,17951807.22891566,17.951807228915662
179.0,3,True,True,True,Dorous,13800000000.0,13800.0,77094972.0670391,77.09497206703911
256.0,3,True,True,True,Dorous,18500000000.0,18500.0,72265625.0,72.265625
82.0,2,True,True,True,Dorous,4200000000.0,4200.0,51219512.19512195,51.21951219512195
161.0,3,True,True,True,Dorous,13000000000.0,13000.0,80745341.61490683,80.74534161490683
190.0,3,True,True,True,Dorous,12000000000.0,12000.0,63157894.7368421,63.1578947368421
135.0,2,True,True,True,Dorous,10000000000.0,10000.0,74074074.07407407,74.07407407407408
133.0,3,True,True,True,Dorous,8600000000.0,8600.0,64661654.13533834,64.66165413533834
85.0,2,True,True,True,Dorous,4200000000.0,4200.0,49411764.705882356,49.411764705882355
155.0,3,True,True,True,Dorous,9800000000.0,9800.0,63225806.451612905,63.225806451612904
105.0,2,True,True,True,Dorous,5600000000.0,5600.0,53333333.333333336,53.333333333333336
53.0,1,True,True,False,East Ferdows Boulevard,1920000000.0,1920.0,36226415.094339624,36.22641509433962
75.0,2,True,True,True,East Ferdows Boulevard,2100000000.0,2100.0,28000000.0,28.0
75.0,2,True,True,True,East Ferdows Boulevard,2350000000.0,2350.0,31333333.333333332,31.333333333333332
58.0,1,True,True,True,East Ferdows Boulevard,1850000000.0,1850.0,31896551.724137932,31.896551724137932
75.0,2,True,True,False,East Ferdows Boulevard,2000000000.0,2000.0,26666666.666666668,26.666666666666668
75.0,2,True,True,True,East Ferdows Boulevard,2730000000.0,2730.0,36400000.0,36.4
106.0,2,True,True,False,East Ferdows Boulevard,3150000000.0,3150.0,29716981.13207547,29.71698113207547
115.0,2,True,True,True,East Ferdows Boulevard,4600000000.0,4600.0,40000000.0,40.0
118.0,2,True,True,True,East Ferdows Boulevard,4500000000.0,4500.0,38135593.220338985,38.13559322033898
116.0,2,True,True,True,East Ferdows Boulevard,5100000000.0,5100.0,43965517.24137931,43.96551724137932
74.0,2,True,True,False,East Ferdows Boulevard,2300000000.0,2300.0,31081081.08108108,31.08108108108108
53.0,1,True,True,True,East Ferdows Boulevard,1920000000.0,1920.0,36226415.094339624,36.22641509433962
126.0,2,True,True,True,East Ferdows Boulevard,5500000000.0,5500.0,43650793.65079365,43.65079365079365
88.0,2,True,True,True,East Ferdows Boulevard,3700000000.0,3700.0,42045454.54545455,42.04545454545455
117.0,3,True,True,True,East Ferdows Boulevard,4600000000.0,4600.0,39316239.31623932,39.31623931623932
68.0,2,True,True,True,East Ferdows Boulevard,2700000000.0,2700.0,39705882.35294118,39.70588235294118
53.0,1,True,True,False,East Ferdows Boulevard,1920000000.0,1920.0,36226415.094339624,36.22641509433962
79.0,2,True,True,True,East Ferdows Boulevard,2850000000.0,2850.0,36075949.36708861,36.07594936708861
90.0,2,True,True,True,East Ferdows Boulevard,3150000000.0,3150.0,35000000.0,35.0
78.0,2,True,True,True,East Ferdows Boulevard,3300000000.0,3300.0,42307692.307692304,42.30769230769231
45.0,1,True,True,True,East Ferdows Boulevard,1900000000.0,1900.0,42222222.222222224,42.22222222222222
55.0,1,True,True,True,East Ferdows Boulevard,1830000000.0,1830.0,33272727.272727273,33.27272727272727
55.0,1,True,True,True,East Ferdows Boulevard,2000000000.0,2000.0,36363636.36363637,36.36363636363637
105.0,3,True,True,True,East Ferdows Boulevard,3900000000.0,3900.0,37142857.14285714,37.14285714285714
54.0,1,True,True,True,East Ferdows Boulevard,2150000000.0,2150.0,39814814.81481481,39.81481481481482
100.0,2,True,True,True,East Ferdows Boulevard,3500000000.0,3500.0,35000000.0,35.0
57.0,1,True,True,True,East Ferdows Boulevard,2050000000.0,2050.0,35964912.28070176,35.96491228070175
115.0,2,True,True,True,East Ferdows Boulevard,4200000000.0,4200.0,36521739.13043478,36.52173913043478
75.0,2,True,True,True,East Ferdows Boulevard,2350000000.0,2350.0,31333333.333333332,31.333333333333332
106.0,2,True,True,True,East Ferdows Boulevard,3500000000.0,3500.0,33018867.9245283,33.0188679245283
56.0,1,True,True,True,East Ferdows Boulevard,1980000000.0,1980.0,35357142.85714286,35.35714285714286
58.0,1,True,True,True,East Ferdows Boulevard,2080000000.0,2080.0,35862068.96551724,35.86206896551724
60.0,1,True,True,True,East Ferdows Boulevard,1920000000.0,1920.0,32000000.0,32.0
71.0,2,True,True,False,East Ferdows Boulevard,2280000000.0,2280.0,32112676.056338027,32.112676056338024
54.0,1,True,True,True,East Ferdows Boulevard,2050000000.0,2050.0,37962962.96296296,37.96296296296296
55.0,1,True,True,True,East Ferdows Boulevard,1920000000.0,1920.0,34909090.90909091,34.90909090909091
115.0,2,True,True,True,East Ferdows Boulevard,5200000000.0,5200.0,45217391.30434783,45.21739130434783
60.0,1,True,True,False,East Ferdows Boulevard,1800000000.0,1800.0,30000000.0,30.0
55.0,1,True,True,True,East Ferdows Boulevard,1780000000.0,1780.0,32363636.363636363,32.36363636363636
76.0,2,True,True,True,East Ferdows Boulevard,2250000000.0,2250.0,29605263.157894738,29.605263157894736
58.0,1,True,True,True,East Ferdows Boulevard,1860000000.0,1860.0,32068965.51724138,32.06896551724138
52.0,1,True,True,True,East Ferdows Boulevard,2300000000.0,2300.0,44230769.23076923,44.23076923076923
100.0,2,True,True,True,East Ferdows Boulevard,3400000000.0,3400.0,34000000.0,34.0
71.0,2,True,True,True,East Ferdows Boulevard,2530000000.0,2530.0,35633802.81690141,35.63380281690141
85.0,2,True,True,True,East Ferdows Boulevard,2800000000.0,2800.0,32941176.470588237,32.94117647058824
53.0,1,True,True,False,East Ferdows Boulevard,1920000000.0,1920.0,36226415.094339624,36.22641509433962
67.0,2,True,True,True,East Ferdows Boulevard,2380000000.0,2380.0,35522388.059701495,35.5223880597015
79.0,2,True,True,True,East Ferdows Boulevard,2600000000.0,2600.0,32911392.40506329,32.91139240506329
96.0,2,True,True,True,East Ferdows Boulevard,3950000000.0,3950.0,41145833.333333336,41.145833333333336
123.0,3,True,True,True,East Ferdows Boulevard,5600000000.0,5600.0,45528455.28455284,45.52845528455284
70.0,2,True,True,True,East Ferdows Boulevard,3000000000.0,3000.0,42857142.85714286,42.85714285714286
70.0,1,True,True,True,East Ferdows Boulevard,2600000000.0,2600.0,37142857.14285714,37.14285714285714
83.0,2,True,True,True,East Ferdows Boulevard,2800000000.0,2800.0,33734939.759036146,33.734939759036145
68.0,2,True,True,True,East Ferdows Boulevard,2500000000.0,2500.0,36764705.88235294,36.76470588235294
65.0,1,True,True,True,East Ferdows Boulevard,2170000000.0,2170.0,33384615.384615384,33.38461538461539
70.0,2,True,True,True,East Ferdows Boulevard,2750000000.0,2750.0,39285714.28571428,39.285714285714285
111.0,2,True,True,True,East Ferdows Boulevard,3990000000.0,3990.0,35945945.94594595,35.94594594594595
70.0,2,True,True,True,East Ferdows Boulevard,2160000000.0,2160.0,30857142.85714286,30.857142857142858
58.0,1,True,True,True,East Ferdows Boulevard,2200000000.0,2200.0,37931034.48275862,37.93103448275862
71.0,2,True,True,True,East Ferdows Boulevard,2950000000.0,2950.0,41549295.774647884,41.54929577464788
80.0,2,True,True,True,East Ferdows Boulevard,2980000000.0,2980.0,37250000.0,37.25
80.0,2,True,True,True,East Ferdows Boulevard,3000000000.0,3000.0,37500000.0,37.5
81.0,2,True,True,True,East Pars,2891700000.0,2891.7,35700000.0,35.7
83.0,2,True,True,True,East Pars,2575000000.0,2575.0,31024096.38554217,31.02409638554217
60.0,2,False,True,True,East Pars,1380000000.0,1380.0,23000000.0,23.0
56.0,2,True,True,True,East Pars,1550000000.0,1550.0,27678571.42857143,27.67857142857143
55.0,1,True,True,True,East Pars,1450000000.0,1450.0,26363636.363636363,26.363636363636363
40.0,1,True,True,True,East Pars,1145000000.0,1145.0,28625000.0,28.625
58.0,1,True,True,True,Ekbatan,2810000000.0,2810.0,48448275.862068966,48.44827586206897
88.0,2,True,True,True,Ekbatan,3940000000.0,3940.0,44772727.27272727,44.77272727272727
96.0,2,True,True,True,Ekbatan,4200000000.0,4200.0,43750000.0,43.75
76.0,2,True,True,True,Ekbatan,3600000000.0,3600.0,47368421.05263158,47.36842105263158
68.0,1,True,True,True,Ekbatan,3100000000.0,3100.0,45588235.294117644,45.588235294117645
58.0,1,True,True,True,Ekbatan,2850000000.0,2850.0,49137931.03448276,49.13793103448276
85.0,2,True,True,True,Ekhtiarieh,5000000000.0,5000.0,58823529.4117647,58.8235294117647
148.0,3,True,True,True,Ekhtiarieh,8400000000.0,8400.0,56756756.75675676,56.75675675675676
101.0,3,True,True,True,Ekhtiarieh,6500000000.0,6500.0,64356435.64356436,64.35643564356435
115.0,2,True,True,True,Ekhtiarieh,7400000000.0,7400.0,64347826.08695652,64.34782608695653
91.0,2,True,True,True,Ekhtiarieh,5180000000.0,5180.0,56923076.92307692,56.92307692307692
147.0,3,True,True,True,Ekhtiarieh,8400000000.0,8400.0,57142857.14285714,57.14285714285714
128.0,3,True,True,True,Ekhtiarieh,8960000000.0,8960.0,70000000.0,70.0
150.0,3,True,True,True,Ekhtiarieh,12000000000.0,12000.0,80000000.0,80.0
75.0,1,True,True,True,Ekhtiarieh,3900000000.0,3900.0,52000000.0,52.0
100.0,2,True,True,True,Ekhtiarieh,5500000000.0,5500.0,55000000.0,55.0
127.0,2,True,True,True,Ekhtiarieh,8890000000.0,8890.0,70000000.0,70.0
90.0,2,True,True,True,Ekhtiarieh,6000000000.0,6000.0,66666666.666666664,66.66666666666666
62.0,2,True,True,False,Ekhtiarieh,3300000000.0,3300.0,53225806.451612905,53.225806451612904
120.0,2,True,True,True,Ekhtiarieh,7700000000.0,7700.0,64166666.666666664,64.16666666666666
150.0,3,True,True,True,Ekhtiarieh,9500000000.0,9500.0,63333333.333333336,63.333333333333336
113.0,2,True,True,True,Ekhtiarieh,6000000000.0,6000.0,53097345.132743366,53.097345132743364
147.0,3,True,True,True,Ekhtiarieh,9600000000.0,9600.0,65306122.448979594,65.3061224489796
115.0,2,True,True,True,Ekhtiarieh,6300000000.0,6300.0,54782608.69565217,54.78260869565217
85.0,2,True,True,True,Ekhtiarieh,5000000000.0,5000.0,58823529.4117647,58.8235294117647
110.0,2,True,True,True,Ekhtiarieh,8300000000.0,8300.0,75454545.45454545,75.45454545454545
90.0,2,True,True,True,Ekhtiarieh,6000000000.0,6000.0,66666666.666666664,66.66666666666666
170.0,3,True,True,True,Ekhtiarieh,7800000000.0,7800.0,45882352.941176474,45.88235294117647
100.0,2,True,True,True,Ekhtiarieh,6500000000.0,6500.0,65000000.0,65.0
52.0,1,True,True,True,Ekhtiarieh,3700000000.0,3700.0,71153846.15384616,71.15384615384616
60.0,1,True,True,True,Ekhtiarieh,3000000000.0,3000.0,50000000.0,50.0
120.0,2,True,True,True,Ekhtiarieh,9000000000.0,9000.0,75000000.0,75.0
110.0,2,True,True,True,Ekhtiarieh,6500000000.0,6500.0,59090909.09090909,59.09090909090909
80.0,2,True,True,True,Ekhtiarieh,4400000000.0,4400.0,55000000.0,55.0
140.0,3,True,True,True,Ekhtiarieh,11000000000.0,11000.0,78571428.57142857,78.57142857142857
90.0,2,True,True,True,Ekhtiarieh,6000000000.0,6000.0,66666666.666666664,66.66666666666666
78.0,2,True,True,True,Ekhtiarieh,4700000000.0,4700.0,60256410.256410256,60.256410256410255
133.0,3,True,True,True,Ekhtiarieh,8400000000.0,8400.0,63157894.7368421,63.1578947368421
135.0,2,True,True,True,Ekhtiarieh,8100000000.0,8100.0,60000000.0,60.0
147.0,3,True,True,True,Elahieh,11500000000.0,11500.0,78231292.5170068,78.23129251700679
220.0,3,True,True,True,Elahieh,35200000000.0,35200.0,160000000.0,160.0
240.0,4,True,True,True,Elahieh,38500000000.0,38500.0,160416666.66666666,160.41666666666666
204.0,3,True,True,True,Elahieh,32640000000.0,32640.0,160000000.0,160.0
377.0,4,True,True,True,Elahieh,31668000000.0,31668.0,84000000.0,84.0
310.0,3,True,True,True,Elahieh,45500000000.0,45500.0,146774193.5483871,146.7741935483871
380.0,4,True,True,True,Elahieh,50000000000.0,50000.0,131578947.36842105,131.57894736842104
250.0,3,True,True,True,Elahieh,40000000000.0,40000.0,160000000.0,160.0
400.0,4,True,True,True,Elahieh,63000000000.0,63000.0,157500000.0,157.5
41.0,1,False,False,False,Elahieh,815000000.0,815.0,19878048.780487806,19.878048780487806
171.0,3,True,True,True,Elahieh,12825000000.0,12825.0,75000000.0,75.0
145.0,3,True,True,True,Elahieh,10150000000.0,10150.0,70000000.0,70.0
175.0,3,True,True,True,Elahieh,17500000000.0,17500.0,100000000.0,100.0
72.0,1,True,True,True,Elahieh,8250000000.0,8250.0,114583333.33333333,114.58333333333333
171.0,2,False,True,False,Elahieh,11500000000.0,11500.0,67251461.9883041,67.25146198830409
240.0,3,True,True,False,Elahieh,34560000000.0,34560.0,144000000.0,144.0
150.0,3,True,True,False,Elahieh,11760000000.0,11760.0,78400000.0,78.4
70.0,2,False,True,True,Elm-o-Sanat,1800000000.0,1800.0,25714285.714285713,25.71428571428571
70.0,2,False,True,True,Elm-o-Sanat,1800000000.0,1800.0,25714285.714285713,25.71428571428571
85.0,2,True,False,True,Elm-o-Sanat,3350000000.0,3350.0,39411764.705882356,39.411764705882355
70.0,1,True,True,False,Enghelab,1540000000.0,1540.0,22000000.0,22.0
107.0,3,True,True,False,Eram,2970000000.0,2970.0,27757009.34579439,27.75700934579439
64.0,1,False,True,False,Eskandari,1050000000.0,1050.0,16406250.0,16.40625
74.0,2,True,True,True,Eskandari,2960000000.0,2960.0,40000000.0,40.0
32.0,1,False,True,True,Eskandari,940000000.0,940.0,29375000.0,29.375
48.0,1,False,False,True,Eskandari,1280000000.0,1280.0,26666666.666666668,26.666666666666668
64.0,1,False,False,True,Fallah,900000000.0,900.0,14062500.0,14.0625
93.0,2,True,True,True,Fallah,1510000000.0,1510.0,16236559.139784947,16.236559139784948
38.0,1,True,True,False,Fallah,650000000.0,650.0,17105263.157894738,17.105263157894736
48.0,1,False,False,True,Fallah,710000000.0,710.0,14791666.666666666,14.791666666666666
62.0,1,True,True,True,Fallah,806000000.0,806.0,13000000.0,13.0
75.0,2,True,False,True,Fallah,1200000000.0,1200.0,16000000.0,16.0
48.0,1,False,False,True,Fallah,740000000.0,740.0,15416666.666666666,15.416666666666666
48.0,1,True,False,False,Fallah,800000000.0,800.0,16666666.666666666,16.666666666666664
150.0,3,True,True,True,Farmanieh,10000000000.0,10000.0,66666666.666666664,66.66666666666666
158.0,3,True,True,True,Farmanieh,10480000000.0,10480.0,66329113.92405064,66.32911392405063
245.0,3,True,True,True,Farmanieh,26950000000.0,26950.0,110000000.0,110.0
270.0,4,True,True,True,Farmanieh,37800000000.0,37800.0,140000000.0,140.0
180.0,3,True,True,True,Farmanieh,20700000000.0,20700.0,115000000.0,115.0
175.0,3,True,True,True,Farmanieh,15600000000.0,15600.0,89142857.14285715,89.14285714285715
170.0,3,True,True,True,Farmanieh,15350000000.0,15350.0,90294117.64705883,90.29411764705883
160.0,3,True,True,True,Farmanieh,17600000000.0,17600.0,110000000.0,110.0
265.0,3,True,True,True,Farmanieh,20000000000.0,20000.0,75471698.11320755,75.47169811320755
312.0,4,True,True,True,Farmanieh,45000000000.0,45000.0,144230769.23076922,144.23076923076923
170.0,2,True,True,True,Farmanieh,12400000000.0,12400.0,72941176.47058824,72.94117647058823
198.0,3,True,True,True,Farmanieh,27720000000.0,27720.0,140000000.0,140.0
108.0,2,True,True,True,Farmanieh,6200000000.0,6200.0,57407407.40740741,57.40740740740741
300.0,3,True,True,True,Farmanieh,55500000000.0,55500.0,185000000.0,185.0
200.0,3,True,True,True,Farmanieh,35000000000.0,35000.0,175000000.0,175.0
191.0,3,True,True,True,Farmanieh,18145000000.0,18145.0,95000000.0,95.0
282.0,3,True,True,True,Farmanieh,36660000000.0,36660.0,130000000.0,130.0
210.0,3,True,True,True,Farmanieh,23100000000.0,23100.0,110000000.0,110.0
170.0,3,True,True,True,Farmanieh,18700000000.0,18700.0,110000000.0,110.0
245.0,3,True,True,True,Farmanieh,22050000000.0,22050.0,90000000.0,90.0
200.0,3,True,True,True,Farmanieh,20000000000.0,20000.0,100000000.0,100.0
230.0,3,True,True,True,Farmanieh,23000000000.0,23000.0,100000000.0,100.0
115.0,3,True,True,True,Farmanieh,8100000000.0,8100.0,70434782.60869566,70.43478260869566
97.0,2,True,True,True,Farmanieh,5950000000.0,5950.0,61340206.185567014,61.34020618556701
100.0,2,True,True,True,Farmanieh,6200000000.0,6200.0,62000000.0,62.0
165.0,3,True,True,True,Farmanieh,11500000000.0,11500.0,69696969.6969697,69.6969696969697
120.0,2,True,True,True,Farmanieh,12000000000.0,12000.0,100000000.0,100.0
63.0,1,True,True,True,Farmanieh,5600000000.0,5600.0,88888888.8888889,88.8888888888889
135.0,3,True,True,True,Farmanieh,11500000000.0,11500.0,85185185.18518518,85.18518518518518
255.0,3,True,True,True,Farmanieh,26000000000.0,26000.0,101960784.31372549,101.96078431372548
300.0,4,True,True,True,Farmanieh,37000000000.0,37000.0,123333333.33333333,123.33333333333333
290.0,4,True,True,True,Farmanieh,36000000000.0,36000.0,124137931.03448276,124.13793103448276
290.0,3,True,True,True,Farmanieh,37000000000.0,37000.0,127586206.89655173,127.58620689655173
290.0,4,True,True,True,Farmanieh,34000000000.0,34000.0,117241379.31034483,117.24137931034483
200.0,3,True,True,True,Farmanieh,35000000000.0,35000.0,175000000.0,175.0
41.0,1,False,True,True,Farmanieh,2530000000.0,2530.0,61707317.07317073,61.70731707317073
230.0,3,True,True,True,Farmanieh,22000000000.0,22000.0,95652173.91304348,95.65217391304348
230.0,3,True,True,True,Farmanieh,20700000000.0,20700.0,90000000.0,90.0
190.0,3,True,True,True,Farmanieh,25000000000.0,25000.0,131578947.36842105,131.57894736842104
232.0,3,True,True,True,Farmanieh,23000000000.0,23000.0,99137931.03448276,99.13793103448276
145.0,3,True,True,True,Farmanieh,11000000000.0,11000.0,75862068.96551724,75.86206896551724
195.0,3,True,True,True,Farmanieh,17280000000.0,17280.0,88615384.61538461,88.61538461538461
115.0,3,True,True,True,Farmanieh,6900000000.0,6900.0,60000000.0,60.0
115.0,3,False,True,True,Farmanieh,6900000000.0,6900.0,60000000.0,60.0
140.0,3,True,True,True,Farmanieh,9300000000.0,9300.0,66428571.428571425,66.42857142857143
175.0,3,True,True,True,Farmanieh,22000000000.0,22000.0,125714285.71428572,125.71428571428572
225.0,3,True,True,True,Farmanieh,38500000000.0,38500.0,171111111.1111111,171.11111111111111
283.0,3,True,True,True,Farmanieh,33840000000.0,33840.0,119575971.73144877,119.57597173144877
163.0,2,True,True,True,Farmanieh,9780000000.0,9780.0,60000000.0,60.0
83.0,2,True,True,True,Farmanieh,6200000000.0,6200.0,74698795.18072289,74.6987951807229
330.0,3,True,True,True,Farmanieh,46200000000.0,46200.0,140000000.0,140.0
212.0,4,True,True,False,Farmanieh,36000000000.0,36000.0,169811320.754717,169.811320754717
210.0,3,True,True,True,Farmanieh,33600000000.0,33600.0,160000000.0,160.0
106.0,2,True,True,True,Farmanieh,4450000000.0,4450.0,41981132.0754717,41.9811320754717
205.0,3,True,True,True,Farmanieh,20000000000.0,20000.0,97560975.6097561,97.5609756097561
85.0,2,True,True,True,Farmanieh,6100000000.0,6100.0,71764705.88235295,71.76470588235294
78.0,2,True,True,True,Farmanieh,7200000000.0,7200.0,92307692.3076923,92.3076923076923
120.0,3,True,True,True,Fatemi,4800000000.0,4800.0,40000000.0,40.0
94.0,2,False,True,False,Fatemi,3100000000.0,3100.0,32978723.40425532,32.97872340425532
105.0,2,True,True,False,Fatemi,4300000000.0,4300.0,40952380.952380955,40.952380952380956
67.0,2,True,True,False,Feiz Garden,2350000000.0,2350.0,35074626.86567164,35.07462686567164
65.0,2,True,True,True,Feiz Garden,2500000000.0,2500.0,38461538.461538464,38.46153846153847
92.0,2,True,True,True,Feiz Garden,3900000000.0,3900.0,42391304.347826086,42.391304347826086
104.0,2,True,True,True,Feiz Garden,3850000000.0,3850.0,37019230.76923077,37.01923076923077
110.0,2,True,True,True,Feiz Garden,4300000000.0,4300.0,39090909.09090909,39.09090909090909
90.0,2,True,True,True,Feiz Garden,3850000000.0,3850.0,42777777.777777776,42.77777777777778
57.0,1,True,True,True,Feiz Garden,1880000000.0,1880.0,32982456.14035088,32.98245614035088
65.0,2,True,True,False,Feiz Garden,1960000000.0,1960.0,30153846.153846152,30.153846153846153
73.0,2,True,True,True,Feiz Garden,2600000000.0,2600.0,35616438.35616438,35.61643835616438
63.0,2,True,True,True,Feiz Garden,2100000000.0,2100.0,33333333.333333332,33.33333333333333
109.0,3,True,True,True,Feiz Garden,4230000000.0,4230.0,38807339.449541286,38.80733944954129
60.0,1,True,True,True,Feiz Garden,2450000000.0,2450.0,40833333.333333336,40.833333333333336
53.0,1,True,True,True,Feiz Garden,2120000000.0,2120.0,40000000.0,40.0
56.0,1,True,True,True,Feiz Garden,2000000000.0,2000.0,35714285.71428572,35.714285714285715
110.0,2,True,True,True,Feiz Garden,3670000000.0,3670.0,33363636.363636363,33.36363636363636
130.0,3,True,True,True,Feiz Garden,5600000000.0,5600.0,43076923.07692308,43.07692307692308
95.0,2,True,True,True,Feiz Garden,3600000000.0,3600.0,37894736.84210526,37.89473684210526
90.0,2,True,True,True,Feiz Garden,3600000000.0,3600.0,40000000.0,40.0
97.0,2,True,True,True,Feiz Garden,3800000000.0,3800.0,39175257.73195876,39.17525773195876
105.0,2,True,True,True,Feiz Garden,4350000000.0,4350.0,41428571.428571425,41.42857142857142
92.0,2,True,True,True,Feiz Garden,3950000000.0,3950.0,42934782.60869565,42.93478260869565
65.0,2,False,True,False,Feiz Garden,1900000000.0,1900.0,29230769.230769232,29.230769230769234
67.0,2,True,True,True,Feiz Garden,2120000000.0,2120.0,31641791.04477612,31.64179104477612
57.0,1,True,True,True,Feiz Garden,1890000000.0,1890.0,33157894.736842107,33.15789473684211
115.0,3,True,True,True,Feiz Garden,3500000000.0,3500.0,30434782.608695652,30.434782608695652
80.0,2,True,True,True,Feiz Garden,2900000000.0,2900.0,36250000.0,36.25
56.0,1,True,True,True,Feiz Garden,2200000000.0,2200.0,39285714.28571428,39.285714285714285
57.0,1,True,True,False,Feiz Garden,1930000000.0,1930.0,33859649.12280702,33.85964912280702
101.0,2,True,True,True,Feiz Garden,4550000000.0,4550.0,45049504.95049505,45.04950495049505
105.0,2,True,True,True,Feiz Garden,4550000000.0,4550.0,43333333.333333336,43.333333333333336
110.0,2,True,True,True,Feiz Garden,4550000000.0,4550.0,41363636.36363637,41.36363636363637
66.0,2,False,False,False,Feiz Garden,1750000000.0,1750.0,26515151.515151516,26.515151515151516
61.0,1,False,False,False,Feiz Garden,1800000000.0,1800.0,29508196.721311476,29.508196721311474
75.0,2,True,False,True,Feiz Garden,2700000000.0,2700.0,36000000.0,36.0
103.0,2,True,True,True,Feiz Garden,4000000000.0,4000.0,38834951.45631068,38.834951456310684
65.0,2,False,True,False,Feiz Garden,1900000000.0,1900.0,29230769.230769232,29.230769230769234
92.0,2,True,True,True,Feiz Garden,3350000000.0,3350.0,36413043.47826087,36.41304347826087
63.0,1,True,True,False,Feiz Garden,1890000000.0,1890.0,30000000.0,30.0
77.0,2,True,True,False,Firoozkooh,470000000.0,470.0,6103896.103896104,6.103896103896104
86.0,2,True,True,False,Firoozkooh Kuhsar,750000000.0,750.0,8720930.232558139,8.720930232558139
500.0,5,True,True,False,Gandhi,70000000000.0,70000.0,140000000.0,140.0
121.0,2,True,True,True,Garden of Saba,7500000000.0,7500.0,61983471.07438017,61.98347107438017
127.0,3,True,True,True,Garden of Saba,5588000000.0,5588.0,44000000.0,44.0
130.0,3,True,True,True,Gheitarieh,12300000000.0,12300.0,94615384.61538461,94.61538461538461
236.0,4,True,True,True,Gheitarieh,20000000000.0,20000.0,84745762.71186441,84.74576271186442
165.0,3,True,True,True,Gheitarieh,12300000000.0,12300.0,74545454.54545455,74.54545454545455
135.0,2,True,True,False,Gheitarieh,7400000000.0,7400.0,54814814.81481481,54.81481481481482
132.0,3,True,True,True,Gheitarieh,6250000000.0,6250.0,47348484.84848485,47.34848484848485
160.0,3,True,True,True,Gheitarieh,15100000000.0,15100.0,94375000.0,94.375
170.0,3,True,True,True,Gheitarieh,15400000000.0,15400.0,90588235.29411764,90.58823529411764
143.0,3,True,True,True,Gheitarieh,8860000000.0,8860.0,61958041.95804196,61.95804195804196
160.0,3,True,True,True,Gheitarieh,10000000000.0,10000.0,62500000.0,62.5
100.0,2,True,True,True,Gheitarieh,8000000000.0,8000.0,80000000.0,80.0
168.0,3,True,True,True,Gheitarieh,14000000000.0,14000.0,83333333.33333333,83.33333333333333
120.0,2,True,True,True,Gheitarieh,8900000000.0,8900.0,74166666.66666667,74.16666666666667
112.0,2,True,True,False,Gheitarieh,7500000000.0,7500.0,66964285.71428572,66.96428571428572
87.0,2,True,True,True,Gheitarieh,6264000000.0,6264.0,72000000.0,72.0
87.0,2,True,True,True,Gheitarieh,6264000000.0,6264.0,72000000.0,72.0
105.0,2,True,True,True,Gheitarieh,6200000000.0,6200.0,59047619.047619045,59.047619047619044
112.0,2,True,True,True,Gheitarieh,8200000000.0,8200.0,73214285.71428572,73.21428571428572
150.0,3,True,True,True,Gheitarieh,9000000000.0,9000.0,60000000.0,60.0
150.0,3,True,True,True,Gheitarieh,12500000000.0,12500.0,83333333.33333333,83.33333333333333
128.0,3,True,True,True,Gheitarieh,9300000000.0,9300.0,72656250.0,72.65625
171.0,3,True,True,True,Gheitarieh,14000000000.0,14000.0,81871345.02923976,81.87134502923976
115.0,3,True,True,True,Gheitarieh,7485000000.0,7485.0,65086956.52173913,65.08695652173914
200.0,4,True,True,True,Gheitarieh,14000000000.0,14000.0,70000000.0,70.0
155.0,3,True,True,True,Gheitarieh,9800000000.0,9800.0,63225806.451612905,63.225806451612904
210.0,3,True,True,True,Gheitarieh,14000000000.0,14000.0,66666666.666666664,66.66666666666666
145.0,3,True,True,True,Gheitarieh,11600000000.0,11600.0,80000000.0,80.0
175.0,3,True,True,True,Gheitarieh,15225000000.0,15225.0,87000000.0,87.0
77.0,2,True,True,True,Gheitarieh,5544000000.0,5544.0,72000000.0,72.0
102.0,2,True,True,True,Gheitarieh,8100000000.0,8100.0,79411764.70588236,79.41176470588236
161.0,3,True,True,True,Gheitarieh,15350000000.0,15350.0,95341614.9068323,95.34161490683229
145.0,3,True,True,True,Gheitarieh,13625000000.0,13625.0,93965517.2413793,93.9655172413793
175.0,3,True,True,True,Gheitarieh,15500000000.0,15500.0,88571428.57142857,88.57142857142857
115.0,2,True,True,True,Gheitarieh,7400000000.0,7400.0,64347826.08695652,64.34782608695653
105.0,2,True,True,True,Gheitarieh,6900000000.0,6900.0,65714285.71428572,65.71428571428572
140.0,3,True,True,True,Gheitarieh,8000000000.0,8000.0,57142857.14285714,57.14285714285714
125.0,3,True,True,True,Gheitarieh,7100000000.0,7100.0,56800000.0,56.8
93.0,2,True,True,True,Gheitarieh,6000000000.0,6000.0,64516129.03225806,64.51612903225806
130.0,2,True,True,False,Gheitarieh,6890000000.0,6890.0,53000000.0,53.0
150.0,3,False,False,False,Gheitarieh,10500000000.0,10500.0,70000000.0,70.0
98.0,2,True,True,True,Gheitarieh,6958000000.0,6958.0,71000000.0,71.0
92.0,2,True,True,True,Gheitarieh,6600000000.0,6600.0,71739130.43478261,71.73913043478261
190.0,3,True,True,True,Gheitarieh,14000000000.0,14000.0,73684210.5263158,73.6842105263158
145.0,2,True,True,True,Gheitarieh,12000000000.0,12000.0,82758620.68965517,82.75862068965517
108.0,2,True,True,True,Gheitarieh,9000000000.0,9000.0,83333333.33333333,83.33333333333333
85.0,2,True,True,True,Gheitarieh,7200000000.0,7200.0,84705882.35294117,84.70588235294117
85.0,2,True,True,True,Gheitarieh,7300000000.0,7300.0,85882352.94117647,85.88235294117648
140.0,3,True,True,True,Gheitarieh,8900000000.0,8900.0,63571428.571428575,63.57142857142858
160.0,3,True,True,True,Gheitarieh,9800000000.0,9800.0,61250000.0,61.25
90.0,2,True,True,True,Gheitarieh,7000000000.0,7000.0,77777777.77777778,77.77777777777777
107.0,3,True,True,True,Gheitarieh,6420000000.0,6420.0,60000000.0,60.0
65.0,1,True,True,True,Gheitarieh,4225000000.0,4225.0,65000000.0,65.0
115.0,2,True,True,True,Gheitarieh,8300000000.0,8300.0,72173913.04347827,72.17391304347827
130.0,2,True,True,True,Gheitarieh,12000000000.0,12000.0,92307692.3076923,92.3076923076923
125.0,2,True,True,True,Gheitarieh,12500000000.0,12500.0,100000000.0,100.0
195.0,3,True,True,True,Gheitarieh,19000000000.0,19000.0,97435897.43589744,97.43589743589745
100.0,2,True,True,True,Gheitarieh,6800000000.0,6800.0,68000000.0,68.0
100.0,2,True,True,True,Gheitarieh,8200000000.0,8200.0,82000000.0,82.0
94.0,2,True,True,True,Gheitarieh,8350000000.0,8350.0,88829787.23404256,88.82978723404256
101.0,2,True,True,True,Gheitarieh,8800000000.0,8800.0,87128712.87128712,87.12871287128712
101.0,2,True,True,True,Gheitarieh,8500000000.0,8500.0,84158415.84158416,84.15841584158416
99.0,1,True,True,True,Gheitarieh,8400000000.0,8400.0,84848484.84848484,84.84848484848484
126.0,2,True,True,True,Gheitarieh,11500000000.0,11500.0,91269841.26984127,91.26984126984127
100.0,2,True,True,True,Gheitarieh,8300000000.0,8300.0,83000000.0,83.0
157.0,3,True,True,True,Gheitarieh,13600000000.0,13600.0,86624203.82165605,86.62420382165605
190.0,3,True,True,True,Gheitarieh,15500000000.0,15500.0,81578947.36842105,81.57894736842105
150.0,3,True,True,True,Gheitarieh,11000000000.0,11000.0,73333333.33333333,73.33333333333333
155.0,3,True,True,True,Gheitarieh,14700000000.0,14700.0,94838709.67741935,94.83870967741935
150.0,2,True,True,True,Gheitarieh,13000000000.0,13000.0,86666666.66666667,86.66666666666667
100.0,2,True,True,True,Gheitarieh,8400000000.0,8400.0,84000000.0,84.0
125.0,2,True,True,True,Gheitarieh,11000000000.0,11000.0,88000000.0,88.0
95.0,2,True,True,True,Gheitarieh,8300000000.0,8300.0,87368421.05263157,87.36842105263158
90.0,2,True,True,True,Gheitarieh,8200000000.0,8200.0,91111111.1111111,91.1111111111111
198.0,3,True,True,True,Gheitarieh,13500000000.0,13500.0,68181818.18181819,68.18181818181819
115.0,2,True,True,True,Gheitarieh,9500000000.0,9500.0,82608695.6521739,82.6086956521739
150.0,3,True,True,True,Gheitarieh,13000000000.0,13000.0,86666666.66666667,86.66666666666667
200.0,3,True,True,True,Gheitarieh,16000000000.0,16000.0,80000000.0,80.0
222.0,3,True,True,True,Gheitarieh,19800000000.0,19800.0,89189189.1891892,89.1891891891892
123.0,3,True,True,True,Gheitarieh,7400000000.0,7400.0,60162601.62601626,60.16260162601626
160.0,3,True,True,True,Gheitarieh,10200000000.0,10200.0,63750000.0,63.75
133.0,3,True,True,True,Gheitarieh,13300000000.0,13300.0,100000000.0,100.0
130.0,3,True,True,True,Gheitarieh,8700000000.0,8700.0,66923076.92307692,66.92307692307692
120.0,2,True,True,True,Gheitarieh,11000000000.0,11000.0,91666666.66666667,91.66666666666667
100.0,2,True,True,True,Gheitarieh,8000000000.0,8000.0,80000000.0,80.0
140.0,3,True,True,True,Gheitarieh,11150000000.0,11150.0,79642857.14285715,79.64285714285715
93.0,2,True,True,True,Gheitarieh,5600000000.0,5600.0,60215053.76344086,60.215053763440864
98.0,2,True,True,True,Gheitarieh,8700000000.0,8700.0,88775510.20408164,88.77551020408164
85.0,2,True,True,True,Gheitarieh,7400000000.0,7400.0,87058823.52941176,87.05882352941177
190.0,3,True,True,True,Gheitarieh,12000000000.0,12000.0,63157894.7368421,63.1578947368421
150.0,3,True,True,True,Gheitarieh,14500000000.0,14500.0,96666666.66666667,96.66666666666667
197.0,3,True,True,True,Gheitarieh,13300000000.0,13300.0,67512690.35532995,67.51269035532995
153.0,2,True,True,True,Gheitarieh,13300000000.0,13300.0,86928104.5751634,86.92810457516339
195.0,3,True,True,True,Gheitarieh,19900000000.0,19900.0,102051282.05128205,102.05128205128204
125.0,2,True,True,True,Gheitarieh,11600000000.0,11600.0,92800000.0,92.8
85.0,2,True,True,True,Gheitarieh,7300000000.0,7300.0,85882352.94117647,85.88235294117648
195.0,3,True,True,True,Gheitarieh,19500000000.0,19500.0,100000000.0,100.0
170.0,3,False,False,False,Gheitarieh,14500000000.0,14500.0,85294117.64705883,85.29411764705883
153.0,3,True,True,True,Gheitarieh,13000000000.0,13000.0,84967320.26143791,84.9673202614379
88.0,2,True,True,True,Gheitarieh,7600000000.0,7600.0,86363636.36363636,86.36363636363636
100.0,2,True,True,True,Gheitarieh,8500000000.0,8500.0,85000000.0,85.0
116.0,3,True,True,True,Gheitarieh,8000000000.0,8000.0,68965517.2413793,68.9655172413793
85.0,2,True,True,True,Gheitarieh,8000000000.0,8000.0,94117647.05882353,94.11764705882352
86.0,2,True,True,True,Gheitarieh,7200000000.0,7200.0,83720930.23255815,83.72093023255815
84.0,2,True,True,True,Gheitarieh,7400000000.0,7400.0,88095238.09523809,88.09523809523809
85.0,2,True,True,True,Gheitarieh,7300000000.0,7300.0,85882352.94117647,85.88235294117648
83.0,2,True,True,True,Gheitarieh,7300000000.0,7300.0,87951807.22891566,87.95180722891565
167.0,3,True,True,True,Gheitarieh,11000000000.0,11000.0,65868263.473053895,65.8682634730539
155.0,3,True,True,True,Gheitarieh,11000000000.0,11000.0,70967741.93548387,70.96774193548387
135.0,2,True,True,True,Gheitarieh,8700000000.0,8700.0,64444444.44444445,64.44444444444444
110.0,2,True,True,True,Gheitarieh,8200000000.0,8200.0,74545454.54545455,74.54545454545455
170.0,3,True,True,True,Gheitarieh,11200000000.0,11200.0,65882352.941176474,65.88235294117648
113.0,3,True,True,False,Gheitarieh,6000000000.0,6000.0,53097345.132743366,53.097345132743364
100.0,2,True,True,True,Gheitarieh,8300000000.0,8300.0,83000000.0,83.0
95.0,2,True,True,True,Gheitarieh,9800000000.0,9800.0,103157894.73684211,103.15789473684211
95.0,2,True,True,True,Gheitarieh,5700000000.0,5700.0,60000000.0,60.0
165.0,3,True,True,True,Gheitarieh,9850000000.0,9850.0,59696969.696969695,59.696969696969695
80.0,2,True,True,True,Gheitarieh,6000000000.0,6000.0,75000000.0,75.0
115.0,3,True,True,False,Gheitarieh,6400000000.0,6400.0,55652173.91304348,55.65217391304348
135.0,3,True,True,True,Gheitarieh,5700000000.0,5700.0,42222222.222222224,42.22222222222222
96.0,2,True,True,True,Gheitarieh,6175000000.0,6175.0,64322916.666666664,64.32291666666666
155.0,3,True,True,True,Gheitarieh,13000000000.0,13000.0,83870967.74193548,83.87096774193547
165.0,3,True,True,True,Gheitarieh,12300000000.0,12300.0,74545454.54545455,74.54545454545455
125.0,2,True,True,True,Gheitarieh,12500000000.0,12500.0,100000000.0,100.0
97.0,2,True,True,True,Gheitarieh,6000000000.0,6000.0,61855670.10309278,61.855670103092784
112.0,2,True,True,True,Gheitarieh,8610000000.0,8610.0,76875000.0,76.875
124.0,3,True,True,True,Gheitarieh,7700000000.0,7700.0,62096774.19354839,62.09677419354839
110.0,2,True,True,True,Gheitarieh,8660000000.0,8660.0,78727272.72727273,78.72727272727273
144.0,3,True,True,True,Gheitarieh,7250000000.0,7250.0,50347222.222222224,50.34722222222222
82.0,2,True,True,True,Gheitarieh,7000000000.0,7000.0,85365853.65853658,85.36585365853658
128.0,3,True,True,True,Gheitarieh,9200000000.0,9200.0,71875000.0,71.875
78.0,2,True,True,True,Ghiyamdasht,640000000.0,640.0,8205128.205128205,8.205128205128204
122.0,3,True,True,True,Ghoba,6700000000.0,6700.0,54918032.78688525,54.91803278688525
115.0,2,True,True,True,Ghoba,8150000000.0,8150.0,70869565.2173913,70.8695652173913
88.0,2,True,False,True,Gholhak,4700000000.0,4700.0,53409090.90909091,53.40909090909091
120.0,2,True,True,True,Gholhak,8400000000.0,8400.0,70000000.0,70.0
100.0,2,True,True,True,Gholhak,6200000000.0,6200.0,62000000.0,62.0
80.0,2,True,True,True,Gholhak,4900000000.0,4900.0,61250000.0,61.25
145.0,3,True,True,True,Gholhak,7850000000.0,7850.0,54137931.03448276,54.13793103448276
77.0,2,True,True,True,Gholhak,6200000000.0,6200.0,80519480.51948053,80.51948051948052
110.0,2,True,True,True,Gholhak,8800000000.0,8800.0,80000000.0,80.0
110.0,2,True,True,True,Gholhak,7000000000.0,7000.0,63636363.63636363,63.63636363636363
106.0,2,True,True,True,Gholhak,6400000000.0,6400.0,60377358.49056604,60.37735849056604
114.0,2,True,True,True,Gholhak,7550000000.0,7550.0,66228070.1754386,66.2280701754386
88.0,2,True,True,True,Gisha,4750000000.0,4750.0,53977272.72727273,53.97727272727273
108.0,2,True,True,True,Gisha,5180000000.0,5180.0,47962962.96296296,47.96296296296296
105.0,2,True,True,True,Gisha,7350000000.0,7350.0,70000000.0,70.0
78.0,2,False,True,True,Gisha,1794000000.0,1794.0,23000000.0,23.0
93.0,2,False,True,True,Gisha,3600000000.0,3600.0,38709677.41935484,38.70967741935484
96.0,2,True,True,True,Gisha,5500000000.0,5500.0,57291666.666666664,57.291666666666664
95.0,2,True,True,True,Golestan,950000000.0,950.0,10000000.0,10.0
106.0,2,True,True,True,Golestan,1100000000.0,1100.0,10377358.490566038,10.377358490566037
77.0,2,True,True,True,Golestan,2150000000.0,2150.0,27922077.92207792,27.92207792207792
108.0,2,True,True,True,Golestan,3300000000.0,3300.0,30555555.555555556,30.555555555555557
108.0,2,True,True,True,Golestan,1900000000.0,1900.0,17592592.592592593,17.59259259259259
90.0,2,True,True,True,Golestan,690000000.0,690.0,7666666.666666667,7.666666666666667
95.0,2,True,True,True,Golestan,950000000.0,950.0,10000000.0,10.0
115.0,2,True,True,False,Golestan,2050000000.0,2050.0,17826086.95652174,17.82608695652174
90.0,2,True,True,True,Golestan,1315000000.0,1315.0,14611111.111111112,14.611111111111112
75.0,2,False,True,False,Golestan,600000000.0,600.0,8000000.0,8.0
65.0,1,True,True,True,Golestan,360000000.0,360.0,5538461.538461538,5.538461538461538
60.0,1,False,True,False,Golestan,420000000.0,420.0,7000000.0,7.0
75.0,1,False,True,False,Golestan,750000000.0,750.0,10000000.0,10.0
106.0,2,True,True,True,Golestan,2340000000.0,2340.0,22075471.698113207,22.07547169811321
145.0,3,True,True,True,Haft Tir,4700000000.0,4700.0,32413793.103448275,32.41379310344828
96.0,2,False,False,False,Haft Tir,2850000000.0,2850.0,29687500.0,29.6875
100.0,2,True,True,True,Hakimiyeh,3100000000.0,3100.0,31000000.0,31.0
105.0,2,True,True,True,Hakimiyeh,3570000000.0,3570.0,34000000.0,34.0
127.0,3,True,True,True,Hakimiyeh,4480000000.0,4480.0,35275590.5511811,35.275590551181104
70.0,1,True,True,True,Hakimiyeh,2310000000.0,2310.0,33000000.0,33.0
67.0,2,True,True,True,Hakimiyeh,2170000000.0,2170.0,32388059.701492537,32.38805970149254
71.0,2,False,True,True,Hashemi,1550000000.0,1550.0,21830985.91549296,21.83098591549296
97.0,2,True,True,True,Hashemi,2300000000.0,2300.0,23711340.206185568,23.711340206185568
37.0,1,False,True,True,Hashemi,830000000.0,830.0,22432432.43243243,22.43243243243243
95.0,2,True,True,True,Hashemi,2350000000.0,2350.0,24736842.10526316,24.736842105263158
49.0,1,False,True,False,Hashemi,1078000000.0,1078.0,22000000.0,22.0
41.0,1,False,True,False,Hashemi,840000000.0,840.0,20487804.87804878,20.48780487804878
32.0,1,False,True,False,Hashemi,610000000.0,610.0,19062500.0,19.0625
52.0,1,False,True,False,Hashemi,960000000.0,960.0,18461538.46153846,18.46153846153846
37.0,1,False,True,False,Hashemi,570000000.0,570.0,15405405.405405406,15.405405405405405
65.0,1,True,True,True,Hashemi,1530000000.0,1530.0,23538461.53846154,23.53846153846154
48.0,1,False,False,False,Hashemi,950000000.0,950.0,19791666.666666668,19.791666666666668
65.0,1,True,True,True,Hassan Abad,510000000.0,510.0,7846153.846153846,7.846153846153846
103.0,2,True,True,True,Hekmat,9270000000.0,9270.0,90000000.0,90.0
107.0,2,True,True,True,Hekmat,6500000000.0,6500.0,60747663.55140187,60.74766355140187
125.0,2,True,True,True,Heravi,8100000000.0,8100.0,64800000.0,64.8
140.0,3,True,True,True,Heravi,9100000000.0,9100.0,65000000.0,65.0
68.0,1,True,True,True,Heravi,4115000000.0,4115.0,60514705.88235294,60.51470588235294
94.0,2,True,True,True,Heravi,4800000000.0,4800.0,51063829.787234046,51.06382978723405
109.0,2,True,True,True,Heravi,6000000000.0,6000.0,55045871.559633024,55.04587155963302
155.0,3,True,True,True,Heravi,8600000000.0,8600.0,55483870.96774194,55.483870967741936
100.0,2,True,True,True,Heravi,5500000000.0,5500.0,55000000.0,55.0
124.0,2,True,True,True,Heravi,7040000000.0,7040.0,56774193.548387095,56.774193548387096
145.0,3,True,True,True,Heravi,7541000000.0,7541.0,52006896.551724136,52.00689655172413
117.0,2,True,True,True,Heravi,6100000000.0,6100.0,52136752.136752136,52.136752136752136
170.0,3,True,True,True,Heravi,7950000000.0,7950.0,46764705.88235294,46.76470588235294
175.0,3,True,True,True,Heravi,9450000000.0,9450.0,54000000.0,54.0
111.0,2,True,True,True,Heravi,6050000000.0,6050.0,54504504.5045045,54.5045045045045
128.0,3,True,True,True,Heravi,6500000000.0,6500.0,50781250.0,50.78125
105.0,3,True,True,True,Heravi,6000000000.0,6000.0,57142857.14285714,57.14285714285714
78.0,2,True,True,True,Heravi,3300000000.0,3300.0,42307692.307692304,42.30769230769231
140.0,3,True,True,True,Heravi,6800000000.0,6800.0,48571428.571428575,48.57142857142858
145.0,3,True,True,True,Heravi,9000000000.0,9000.0,62068965.51724138,62.06896551724138
157.0,3,True,True,True,Heravi,9850000000.0,9850.0,62738853.50318471,62.738853503184714
147.0,3,True,True,True,Heravi,9100000000.0,9100.0,61904761.9047619,61.904761904761905
146.0,3,True,True,True,Heravi,7600000000.0,7600.0,52054794.52054795,52.05479452054795
145.0,3,True,True,True,Heravi,9000000000.0,9000.0,62068965.51724138,62.06896551724138
160.0,3,True,True,True,Heravi,7000000000.0,7000.0,43750000.0,43.75
108.0,2,True,True,True,Heravi,6400000000.0,6400.0,59259259.25925926,59.25925925925926
155.0,3,True,True,True,Heravi,9000000000.0,9000.0,58064516.12903226,58.06451612903226
110.0,2,True,True,True,Heravi,5000000000.0,5000.0,45454545.45454545,45.45454545454545
99.0,2,True,True,True,Heravi,4900000000.0,4900.0,49494949.4949495,49.494949494949495
103.0,2,True,True,True,Heravi,6640000000.0,6640.0,64466019.41747573,64.46601941747574
172.0,3,True,True,True,Heravi,9300000000.0,9300.0,54069767.44186047,54.06976744186047
115.0,2,True,True,True,Heravi,6000000000.0,6000.0,52173913.04347826,52.17391304347826
170.0,3,True,True,True,Heravi,7990000000.0,7990.0,47000000.0,47.0
109.0,2,True,True,True,Heravi,7100000000.0,7100.0,65137614.67889908,65.13761467889908
110.0,3,True,True,True,Heravi,5850000000.0,5850.0,53181818.18181818,53.18181818181818
142.0,3,True,True,True,Heravi,6465000000.0,6465.0,45528169.01408451,45.52816901408451
150.0,3,True,True,True,Heravi,7600000000.0,7600.0,50666666.666666664,50.666666666666664
80.0,2,True,True,True,Heravi,4300000000.0,4300.0,53750000.0,53.75
75.0,2,True,True,True,Heravi,4590000000.0,4590.0,61200000.0,61.2
68.0,1,False,False,False,Heravi,4115000000.0,4115.0,60514705.88235294,60.51470588235294
110.0,2,True,True,True,Heravi,6050000000.0,6050.0,55000000.0,55.0
75.0,2,True,False,True,Heshmatieh,3000000000.0,3000.0,40000000.0,40.0
75.0,2,True,False,True,Heshmatieh,3000000000.0,3000.0,40000000.0,40.0
165.0,3,False,True,False,Heshmatieh,4125000000.0,4125.0,25000000.0,25.0
165.0,3,False,True,False,Heshmatieh,4125000000.0,4125.0,25000000.0,25.0
80.0,2,True,True,True,Hor Square,1874500000.0,1874.5,23431250.0,23.43125
85.0,2,True,True,True,Hor Square,1957300000.0,1957.3,23027058.82352941,23.027058823529412
100.0,2,True,True,True,Hor Square,2283900000.0,2283.9,22839000.0,22.839
90.0,2,True,True,True,Hor Square,2071150000.0,2071.15,23012777.777777776,23.012777777777774
51.0,1,True,True,False,Hor Square,858500000.0,858.5,16833333.333333332,16.833333333333332
63.0,1,False,True,False,Islamshahr,570000000.0,570.0,9047619.047619049,9.04761904761905
117.0,2,True,True,True,Islamshahr,1579500000.0,1579.5,13500000.0,13.5
71.0,2,True,True,True,Islamshahr,630000000.0,630.0,8873239.436619718,8.873239436619718
75.0,2,True,True,True,Islamshahr,715000000.0,715.0,9533333.333333334,9.533333333333333
86.0,2,True,True,False,Islamshahr,1200000000.0,1200.0,13953488.372093024,13.953488372093023
106.0,2,True,True,False,Islamshahr,1245000000.0,1245.0,11745283.018867925,11.745283018867925
49.0,1,True,True,False,Islamshahr,460000000.0,460.0,9387755.102040816,9.387755102040817
85.0,2,True,True,True,Islamshahr,565000000.0,565.0,6647058.823529412,6.647058823529412
78.0,2,True,False,False,Islamshahr,550000000.0,550.0,7051282.051282051,7.051282051282051
138.0,3,True,True,True,Islamshahr,1690000000.0,1690.0,12246376.811594203,12.246376811594203
100.0,2,True,True,False,Islamshahr,1100000000.0,1100.0,11000000.0,11.0
75.0,2,True,True,False,Islamshahr,1250000000.0,1250.0,16666666.666666666,16.666666666666664
90.0,2,True,True,True,Islamshahr,1098000000.0,1098.0,12200000.0,12.2
63.0,1,True,True,True,Islamshahr,882000000.0,882.0,14000000.0,14.0
117.0,3,True,True,True,Islamshahr,1990000000.0,1990.0,17008547.008547008,17.00854700854701
91.0,2,True,True,False,Islamshahr,1640000000.0,1640.0,18021978.02197802,18.021978021978022
60.0,1,True,True,False,Islamshahr,780000000.0,780.0,13000000.0,13.0
60.0,1,True,True,True,Islamshahr,1200000000.0,1200.0,20000000.0,20.0
62.0,1,False,True,False,Islamshahr,580000000.0,580.0,9354838.709677419,9.354838709677418
115.0,3,True,True,True,Islamshahr,1650000000.0,1650.0,14347826.086956521,14.347826086956522
105.0,2,True,True,True,Islamshahr,1500000000.0,1500.0,14285714.285714285,14.285714285714285
47.0,1,False,False,False,Islamshahr,295000000.0,295.0,6276595.744680851,6.276595744680851
60.0,1,False,True,True,Islamshahr,660000000.0,660.0,11000000.0,11.0
65.0,2,False,True,True,Islamshahr,780000000.0,780.0,12000000.0,12.0
96.0,1,False,False,False,Islamshahr,1700000000.0,1700.0,17708333.333333332,17.708333333333332
80.0,2,True,True,False,Islamshahr,1100000000.0,1100.0,13750000.0,13.75
113.0,2,True,True,False,Islamshahr,1520000000.0,1520.0,13451327.433628319,13.451327433628318
78.0,2,True,True,False,Islamshahr,1000000000.0,1000.0,12820512.82051282,12.82051282051282
103.0,2,True,True,True,Islamshahr,1442000000.0,1442.0,14000000.0,14.0
102.0,1,False,True,False,Islamshahr,1650000000.0,1650.0,16176470.588235294,16.176470588235293
68.0,1,False,False,False,Islamshahr,815000000.0,815.0,11985294.11764706,11.98529411764706
45.0,1,False,True,False,Islamshahr,218000000.0,218.0,4844444.444444444,4.844444444444444
85.0,2,False,True,False,Islamshahr,430000000.0,430.0,5058823.529411765,5.0588235294117645
50.0,1,False,True,False,Islamshahr,240000000.0,240.0,4800000.0,4.8
55.0,1,False,True,False,Islamshahr,330000000.0,330.0,6000000.0,6.0
84.0,2,True,True,True,Islamshahr,855000000.0,855.0,10178571.42857143,10.178571428571429
125.0,2,True,True,True,Islamshahr Elahieh,1750000000.0,1750.0,14000000.0,14.0
63.0,3,False,True,False,Javadiyeh,1450000000.0,1450.0,23015873.015873015,23.015873015873016
48.0,1,False,False,False,Jeyhoon,850000000.0,850.0,17708333.333333332,17.708333333333332
71.0,2,False,True,True,Jeyhoon,1640000000.0,1640.0,23098591.549295776,23.098591549295776
76.0,2,True,True,True,Jeyhoon,2000000000.0,2000.0,26315789.47368421,26.31578947368421
85.0,2,True,True,True,Jeyhoon,2100000000.0,2100.0,24705882.352941178,24.705882352941178
79.0,2,True,True,True,Jeyhoon,1817000000.0,1817.0,23000000.0,23.0
85.0,2,True,True,True,Jeyhoon,1900000000.0,1900.0,22352941.17647059,22.35294117647059
80.0,2,False,True,True,Jeyhoon,1750000000.0,1750.0,21875000.0,21.875
54.0,1,True,True,True,Jeyhoon,1500000000.0,1500.0,27777777.777777776,27.777777777777775
64.0,2,True,True,False,Jeyhoon,1500000000.0,1500.0,23437500.0,23.4375
95.0,2,True,True,True,Jeyhoon,2280000000.0,2280.0,24000000.0,24.0
75.0,2,True,True,True,Jeyhoon,2250000000.0,2250.0,30000000.0,30.0
48.0,1,True,True,True,Jeyhoon,810000000.0,810.0,16875000.0,16.875
80.0,2,True,True,True,Jeyhoon,2150000000.0,2150.0,26875000.0,26.875
110.0,3,True,True,True,Jeyhoon,2330000000.0,2330.0,21181818.181818184,21.181818181818183
64.0,2,True,True,False,Jeyhoon,1500000000.0,1500.0,23437500.0,23.4375
45.0,1,True,True,False,Jeyhoon,1030000000.0,1030.0,22888888.888888888,22.88888888888889
42.0,1,False,True,True,Jeyhoon,1050000000.0,1050.0,25000000.0,25.0
46.0,1,True,True,False,Jeyhoon,750000000.0,750.0,16304347.826086957,16.304347826086957
80.0,2,True,True,True,Jeyhoon,1500000000.0,1500.0,18750000.0,18.75
60.0,1,False,True,False,Jeyhoon,1020000000.0,1020.0,17000000.0,17.0
70.0,2,True,True,True,Jeyhoon,1600000000.0,1600.0,22857142.85714286,22.857142857142858
78.0,2,True,False,True,Jeyhoon,2250000000.0,2250.0,28846153.846153848,28.846153846153847
65.0,2,True,True,True,Jeyhoon,1400000000.0,1400.0,21538461.53846154,21.53846153846154
53.0,1,True,True,True,Jeyhoon,1420000000.0,1420.0,26792452.83018868,26.79245283018868
42.0,1,True,False,True,Jeyhoon,960000000.0,960.0,22857142.85714286,22.857142857142858
76.0,2,True,True,True,Jeyhoon,1800000000.0,1800.0,23684210.52631579,23.68421052631579
83.0,2,True,True,True,Jeyhoon,2200000000.0,2200.0,26506024.096385542,26.50602409638554
100.0,2,True,True,True,Jeyhoon,2300000000.0,2300.0,23000000.0,23.0
47.0,1,False,True,False,Jeyhoon,850000000.0,850.0,18085106.382978722,18.085106382978722
70.0,2,True,True,True,Jeyhoon,1550000000.0,1550.0,22142857.14285714,22.142857142857142
67.0,2,True,True,False,Jeyhoon,1500000000.0,1500.0,22388059.701492537,22.388059701492537
70.0,2,True,True,True,Jeyhoon,1730000000.0,1730.0,24714285.714285713,24.71428571428571
76.0,2,True,True,True,Jeyhoon,1850000000.0,1850.0,24342105.263157893,24.342105263157894
65.0,2,True,True,False,Jeyhoon,1450000000.0,1450.0,22307692.307692308,22.307692307692307
56.0,1,False,True,False,Jeyhoon,950000000.0,950.0,16964285.714285713,16.96428571428571
46.0,1,True,True,True,Jeyhoon,1150000000.0,1150.0,25000000.0,25.0
66.0,2,False,True,False,Jeyhoon,1187000000.0,1187.0,17984848.484848484,17.984848484848484
58.0,2,False,True,False,Jeyhoon,1210000000.0,1210.0,20862068.96551724,20.862068965517242
67.0,2,True,True,False,Jeyhoon,1440000000.0,1440.0,21492537.313432835,21.492537313432834
40.0,1,False,True,False,Jeyhoon,800000000.0,800.0,20000000.0,20.0
45.0,1,False,True,False,Jeyhoon,745000000.0,745.0,16555555.555555556,16.555555555555557
67.0,2,False,True,True,Jeyhoon,1200000000.0,1200.0,17910447.76119403,17.910447761194032
53.0,2,True,True,False,Jeyhoon,1100000000.0,1100.0,20754716.981132075,20.754716981132074
52.0,1,False,True,False,Jeyhoon,1150100000.0,1150.1,22117307.692307692,22.11730769230769
75.0,2,True,True,True,Jeyhoon,1980000000.0,1980.0,26400000.0,26.4
71.0,2,True,True,False,Jeyhoon,1780000000.0,1780.0,25070422.53521127,25.070422535211268
78.0,2,True,True,True,Jeyhoon,2050000000.0,2050.0,26282051.282051284,26.282051282051285
63.0,1,True,True,False,Jeyhoon,1200000000.0,1200.0,19047619.04761905,19.047619047619047
46.0,1,False,True,False,Jeyhoon,1013000000.0,1013.0,22021739.13043478,22.02173913043478
53.0,1,False,False,False,Jeyhoon,900000000.0,900.0,16981132.0754717,16.9811320754717
105.0,2,True,True,True,Jeyhoon,2500000000.0,2500.0,23809523.80952381,23.80952380952381
73.0,2,False,True,True,Jeyhoon,1580000000.0,1580.0,21643835.616438355,21.643835616438356
42.0,1,True,True,True,Jeyhoon,900000000.0,900.0,21428571.42857143,21.42857142857143
48.0,1,True,True,False,Jeyhoon,995000000.0,995.0,20729166.666666668,20.729166666666668
53.0,1,True,True,True,Jeyhoon,1500000000.0,1500.0,28301886.79245283,28.30188679245283
44.0,1,True,True,False,Jeyhoon,1040000000.0,1040.0,23636363.636363637,23.636363636363637
44.0,1,True,True,False,Jeyhoon,1050000000.0,1050.0,23863636.363636363,23.863636363636363
97.0,2,False,False,True,Jeyhoon,2300000000.0,2300.0,23711340.206185568,23.711340206185568
87.0,2,True,True,True,Jeyhoon,1860000000.0,1860.0,21379310.344827585,21.379310344827584
42.0,1,True,True,True,Jeyhoon,930000000.0,930.0,22142857.14285714,22.142857142857142
75.0,2,False,True,True,Jeyhoon,1700000000.0,1700.0,22666666.666666668,22.666666666666668
58.0,1,True,True,True,Jeyhoon,1300000000.0,1300.0,22413793.103448275,22.413793103448274
82.0,2,True,True,True,Jeyhoon,1890000000.0,1890.0,23048780.48780488,23.04878048780488
43.0,1,False,True,True,Jeyhoon,900000000.0,900.0,20930232.558139537,20.930232558139537
40.0,1,True,True,False,Jeyhoon,830000000.0,830.0,20750000.0,20.75
46.0,1,False,True,True,Jeyhoon,940000000.0,940.0,20434782.608695652,20.434782608695652
93.0,2,True,True,True,Jeyhoon,2600000000.0,2600.0,27956989.247311827,27.956989247311828
80.0,2,True,True,True,Jeyhoon,2220000000.0,2220.0,27750000.0,27.75
85.0,2,False,False,True,Jeyhoon,1885000000.0,1885.0,22176470.588235293,22.176470588235293
45.0,1,False,True,False,Jeyhoon,800000000.0,800.0,17777777.777777776,17.777777777777775
72.0,2,True,True,True,Jeyhoon,1850000000.0,1850.0,25694444.444444444,25.694444444444443
80.0,2,True,True,True,Jeyhoon,2100000000.0,2100.0,26250000.0,26.25
44.0,1,False,True,False,Jeyhoon,945000000.0,945.0,21477272.727272727,21.477272727272727
69.0,2,True,True,True,Jeyhoon,1700000000.0,1700.0,24637681.15942029,24.63768115942029
77.0,2,True,True,True,Jeyhoon,1680000000.0,1680.0,21818181.818181816,21.818181818181817
78.0,2,True,False,True,Jeyhoon,2250000000.0,2250.0,28846153.846153848,28.846153846153847
65.0,1,True,True,True,Jeyhoon,1725000000.0,1725.0,26538461.53846154,26.53846153846154
52.0,1,True,False,False,Jeyhoon,1200000000.0,1200.0,23076923.076923076,23.076923076923077
171.0,3,True,True,True,Jordan,8900000000.0,8900.0,52046783.62573099,52.04678362573099
140.0,3,True,True,True,Jordan,7700000000.0,7700.0,55000000.0,55.0
147.0,3,True,True,True,Jordan,8700000000.0,8700.0,59183673.469387755,59.183673469387756
140.0,3,True,True,True,Jordan,9200000000.0,9200.0,65714285.71428572,65.71428571428572
128.0,2,True,True,True,Jordan,6144000000.0,6144.0,48000000.0,48.0
110.0,3,True,True,True,Jordan,6160000000.0,6160.0,56000000.0,56.0
258.0,4,True,True,False,Jordan,12000000000.0,12000.0,46511627.906976745,46.51162790697674
80.0,1,True,True,True,Jordan,4500000000.0,4500.0,56250000.0,56.25
270.0,4,True,True,False,Jordan,13000000000.0,13000.0,48148148.14814815,48.14814814814815
115.0,2,True,True,True,Jordan,6200000000.0,6200.0,53913043.47826087,53.91304347826087
253.0,4,True,True,True,Jordan,11385000000.0,11385.0,45000000.0,45.0
220.0,3,True,True,True,Jordan,13500000000.0,13500.0,61363636.36363637,61.36363636363637
140.0,3,True,True,True,Jordan,7700000000.0,7700.0,55000000.0,55.0
101.0,2,True,True,True,Jordan,5200000000.0,5200.0,51485148.51485149,51.48514851485149
138.0,3,True,True,True,Jordan,9500000000.0,9500.0,68840579.71014492,68.84057971014492
78.0,2,True,True,True,Kahrizak,780000000.0,780.0,10000000.0,10.0
134.0,2,True,True,True,Kahrizak,1608000000.0,1608.0,12000000.0,12.0
138.0,3,True,True,True,Kahrizak,1242000000.0,1242.0,9000000.0,9.0
75.0,2,False,True,True,Kahrizak,862500000.0,862.5,11500000.0,11.5
100.0,2,False,False,False,Kahrizak,1200000000.0,1200.0,12000000.0,12.0
51.0,1,False,True,True,Kahrizak,610000000.0,610.0,11960784.31372549,11.96078431372549
105.0,3,True,True,True,Kahrizak,1155000000.0,1155.0,11000000.0,11.0
55.0,1,False,True,True,Kahrizak,660000000.0,660.0,12000000.0,12.0
105.0,2,True,True,True,Kahrizak,1160000000.0,1160.0,11047619.047619049,11.04761904761905
105.0,3,True,True,True,Kahrizak,1312000000.0,1312.0,12495238.095238095,12.495238095238095
70.0,2,True,True,True,Kahrizak,714000000.0,714.0,10200000.0,10.2
82.0,2,True,True,True,Kahrizak,820000000.0,820.0,10000000.0,10.0
85.0,2,True,True,True,Kahrizak,850000000.0,850.0,10000000.0,10.0
138.0,3,True,True,True,Kahrizak,1242000000.0,1242.0,9000000.0,9.0
53.0,1,False,False,False,Kahrizak,450000000.0,450.0,8490566.03773585,8.49056603773585
190.0,3,True,True,True,Kamranieh,24300000000.0,24300.0,127894736.84210527,127.89473684210527
125.0,2,True,True,True,Kamranieh,8700000000.0,8700.0,69600000.0,69.6
192.0,3,True,True,True,Kamranieh,33490000000.0,33490.0,174427083.33333334,174.42708333333334
160.0,3,True,True,True,Kamranieh,13120000000.0,13120.0,82000000.0,82.0
85.0,1,True,True,True,Kamranieh,7100000000.0,7100.0,83529411.76470588,83.52941176470588
86.0,2,True,True,True,Kamranieh,5500000000.0,5500.0,63953488.37209302,63.95348837209302
270.0,3,True,True,True,Kamranieh,26500000000.0,26500.0,98148148.14814815,98.14814814814815
220.0,3,True,True,True,Kamranieh,33600000000.0,33600.0,152727272.72727272,152.72727272727272
90.0,1,True,True,True,Kamranieh,10000000000.0,10000.0,111111111.1111111,111.1111111111111
140.0,3,True,True,True,Kamranieh,8100000000.0,8100.0,57857142.85714286,57.85714285714286
225.0,4,True,True,True,Kamranieh,20250000000.0,20250.0,90000000.0,90.0
210.0,3,True,True,True,Kamranieh,34560000000.0,34560.0,164571428.57142857,164.57142857142856
175.0,3,True,True,True,Kamranieh,17000000000.0,17000.0,97142857.14285715,97.14285714285715
180.0,3,True,True,True,Kamranieh,14000000000.0,14000.0,77777777.77777778,77.77777777777777
150.0,3,True,True,True,Karimkhan,7800000000.0,7800.0,52000000.0,52.0
70.0,2,True,True,True,Karimkhan,3200000000.0,3200.0,45714285.71428572,45.714285714285715
113.0,2,True,True,True,Karimkhan,3170000000.0,3170.0,28053097.345132742,28.05309734513274
55.0,1,True,True,True,Karoon,1570000000.0,1570.0,28545454.545454547,28.545454545454547
55.0,1,False,True,False,Karoon,850000000.0,850.0,15454545.454545455,15.454545454545455
68.0,2,False,False,False,Karoon,1100000000.0,1100.0,16176470.588235294,16.176470588235293
68.0,2,False,False,False,Karoon,1100000000.0,1100.0,16176470.588235294,16.176470588235293
40.0,1,False,True,True,Karoon,880000000.0,880.0,22000000.0,22.0
67.0,2,False,True,False,Karoon,1070000000.0,1070.0,15970149.253731344,15.970149253731345
38.0,1,True,True,True,Karoon,1140000000.0,1140.0,30000000.0,30.0
45.0,1,False,True,True,Karoon,965000000.0,965.0,21444444.444444444,21.444444444444443
65.0,2,True,True,False,Karoon,1430000000.0,1430.0,22000000.0,22.0
90.0,2,True,True,True,Karoon,2000000000.0,2000.0,22222222.222222224,22.222222222222225
59.0,2,False,True,False,Karoon,1070000000.0,1070.0,18135593.22033898,18.135593220338983
50.0,1,False,False,False,Karoon,1000000000.0,1000.0,20000000.0,20.0
62.0,1,False,False,False,Karoon,1020000000.0,1020.0,16451612.903225806,16.451612903225804
45.0,1,False,True,False,Karoon,890000000.0,890.0,19777777.777777776,19.777777777777775
47.0,1,False,True,False,Karoon,800000000.0,800.0,17021276.59574468,17.02127659574468
45.0,1,False,False,False,Karoon,680000000.0,680.0,15111111.111111112,15.111111111111112
60.0,2,True,True,False,Karoon,1450000000.0,1450.0,24166666.666666668,24.166666666666668
57.0,1,True,False,True,Karoon,1700000000.0,1700.0,29824561.40350877,29.82456140350877
45.0,1,False,True,False,Karoon,880000000.0,880.0,19555555.555555556,19.555555555555557
92.0,2,False,True,True,Kazemabad,3000000000.0,3000.0,32608695.652173914,32.608695652173914
110.0,3,True,True,True,Keshavarz Boulevard,3950000000.0,3950.0,35909090.90909091,35.90909090909091
122.0,4,True,False,True,Keshavarz Boulevard,2420000000.0,2420.0,19836065.573770493,19.836065573770494
78.0,2,True,True,True,Keshavarz Boulevard,3500000000.0,3500.0,44871794.87179487,44.87179487179487
60.0,1,False,True,False,Keshavarz Boulevard,1900000000.0,1900.0,31666666.666666668,31.666666666666668
130.0,2,True,True,True,Khademabad Garden,1755000000.0,1755.0,13500000.0,13.5
50.0,1,False,True,False,Khavaran,710000000.0,710.0,14200000.0,14.2
44.0,1,True,True,True,Khavaran,649000000.0,649.0,14750000.0,14.75
56.0,1,False,True,False,Khavaran,668000000.0,668.0,11928571.42857143,11.928571428571429
86.0,2,True,True,True,Komeil,1978000000.0,1978.0,23000000.0,23.0
55.0,1,True,True,False,Komeil,1090000000.0,1090.0,19818181.818181816,19.818181818181817
51.0,2,False,True,True,Komeil,1050000000.0,1050.0,20588235.29411765,20.58823529411765
70.0,2,False,True,True,Komeil,1250000000.0,1250.0,17857142.85714286,17.857142857142858
48.0,1,False,True,False,Komeil,820000000.0,820.0,17083333.333333332,17.083333333333332
73.0,1,False,True,True,Komeil,1460000000.0,1460.0,20000000.0,20.0
55.0,1,True,True,True,Komeil,1100000000.0,1100.0,20000000.0,20.0
46.0,1,False,False,False,Komeil,700000000.0,700.0,15217391.304347826,15.217391304347826
40.0,1,False,True,True,Komeil,810000000.0,810.0,20250000.0,20.25
50.0,2,False,True,False,Komeil,730000000.0,730.0,14600000.0,14.6
148.0,2,True,False,True,Koohsar,4500000000.0,4500.0,30405405.405405406,30.405405405405407
105.0,2,True,True,True,Koohsar,4000000000.0,4000.0,38095238.0952381,38.095238095238095
80.0,2,True,True,True,Koohsar,2400000000.0,2400.0,30000000.0,30.0
87.0,2,True,True,True,Koohsar,2350000000.0,2350.0,27011494.252873562,27.01149425287356
170.0,2,True,True,True,Kook,7140000000.0,7140.0,42000000.0,42.0
100.0,2,True,True,True,Kook,3580000000.0,3580.0,35800000.0,35.8
128.0,3,True,True,True,Kook,3950000000.0,3950.0,30859375.0,30.859375
190.0,3,True,True,True,Kook,13000000000.0,13000.0,68421052.63157895,68.42105263157895
200.0,3,True,True,True,Kook,12000000000.0,12000.0,60000000.0,60.0
193.0,3,True,True,True,Kook,13000000000.0,13000.0,67357512.95336787,67.35751295336787
140.0,3,True,True,True,Kook,1792000000.0,1792.0,12800000.0,12.8
175.0,3,True,True,True,Kook,10500000000.0,10500.0,60000000.0,60.0
193.0,3,True,True,True,Kook,13000000000.0,13000.0,67357512.95336787,67.35751295336787
400.0,5,True,True,False,Lavasan,85000000000.0,85000.0,212500000.0,212.5
660.0,5,True,True,False,Lavasan,55000000000.0,55000.0,83333333.33333333,83.33333333333333
300.0,3,False,False,False,Lavasan,27000000000.0,27000.0,90000000.0,90.0
300.0,5,True,True,False,Lavasan,25000000000.0,25000.0,83333333.33333333,83.33333333333333
100.0,2,True,True,True,Lavizan,3300000000.0,3300.0,33000000.0,33.0
65.0,1,False,True,True,Lavizan,2650000000.0,2650.0,40769230.76923077,40.76923076923077
170.0,3,True,True,True,Mahallati,9200000000.0,9200.0,54117647.058823526,54.11764705882353
130.0,3,True,True,True,Mahallati,5200000000.0,5200.0,40000000.0,40.0
108.0,2,True,True,True,Mahallati,7000000000.0,7000.0,64814814.81481481,64.81481481481481
100.0,2,True,True,True,Mahallati,5300000000.0,5300.0,53000000.0,53.0
750.0,5,True,True,True,Mahmoudieh,75000000000.0,75000.0,100000000.0,100.0
226.0,4,True,True,True,Mahmoudieh,17000000000.0,17000.0,75221238.9380531,75.2212389380531
112.0,2,True,True,True,Mahmoudieh,8400000000.0,8400.0,75000000.0,75.0
85.0,2,True,True,True,Majidieh,2500000000.0,2500.0,29411764.70588235,29.41176470588235
120.0,2,True,True,True,Majidieh,1620000000.0,1620.0,13500000.0,13.5
75.0,2,False,True,False,Malard,250000000.0,250.0,3333333.3333333335,3.3333333333333335
50.0,1,False,False,False,Malard,250000000.0,250.0,5000000.0,5.0
128.0,3,True,True,True,Marzdaran,6700000000.0,6700.0,52343750.0,52.34375
192.0,3,True,True,True,Marzdaran,12670000000.0,12670.0,65989583.333333336,65.98958333333334
164.0,3,True,True,True,Marzdaran,10000000000.0,10000.0,60975609.75609756,60.97560975609756
128.0,3,True,True,True,Marzdaran,5200000000.0,5200.0,40625000.0,40.625
165.0,3,True,True,True,Marzdaran,10230000000.0,10230.0,62000000.0,62.0
181.0,3,True,True,True,Marzdaran,13000000000.0,13000.0,71823204.41988951,71.8232044198895
175.0,3,True,True,True,Marzdaran,11375000000.0,11375.0,65000000.0,65.0
146.0,3,True,True,True,Marzdaran,8500000000.0,8500.0,58219178.08219178,58.21917808219178
135.0,3,True,True,True,Marzdaran,6200000000.0,6200.0,45925925.925925925,45.925925925925924
135.0,3,True,True,True,Marzdaran,7425000000.0,7425.0,55000000.0,55.0
211.0,3,True,True,True,Marzdaran,15800000000.0,15800.0,74881516.58767773,74.88151658767774
182.0,3,True,True,True,Marzdaran,11600000000.0,11600.0,63736263.73626374,63.73626373626374
181.0,3,True,True,True,Marzdaran,13000000000.0,13000.0,71823204.41988951,71.8232044198895
163.0,3,True,True,True,Marzdaran,11100000000.0,11100.0,68098159.50920245,68.09815950920245
95.0,2,True,True,True,Marzdaran,4085000000.0,4085.0,43000000.0,43.0
140.0,2,False,True,True,Marzdaran,5400000000.0,5400.0,38571428.571428575,38.57142857142858
90.0,2,True,True,True,Marzdaran,6230000000.0,6230.0,69222222.22222222,69.22222222222223
90.0,2,True,True,True,Marzdaran,6500000000.0,6500.0,72222222.22222222,72.22222222222223
157.0,3,True,True,True,Marzdaran,10200000000.0,10200.0,64968152.866242036,64.96815286624204
197.0,3,True,True,True,Marzdaran,15563000000.0,15563.0,79000000.0,79.0
128.0,3,True,True,True,Marzdaran,6700000000.0,6700.0,52343750.0,52.34375
180.0,3,True,True,False,Marzdaran,10800000000.0,10800.0,60000000.0,60.0
130.0,4,False,False,False,Mehrabad,6200000000.0,6200.0,47692307.692307696,47.69230769230769
120.0,2,False,False,False,Mehrabad River River,2600000000.0,2600.0,21666666.666666668,21.666666666666668
92.0,2,True,True,False,Mehran,2500000000.0,2500.0,27173913.04347826,27.17391304347826
114.0,2,True,True,True,Mehran,6840000000.0,6840.0,60000000.0,60.0
114.0,2,True,True,True,Mehran,6840000000.0,6840.0,60000000.0,60.0
104.0,2,True,True,True,Mehran,4200000000.0,4200.0,40384615.384615384,40.38461538461539
134.0,2,True,True,True,Mehran,940000000.0,940.0,7014925.373134328,7.014925373134328
140.0,3,True,True,True,Mehran,8400000000.0,8400.0,60000000.0,60.0
118.0,2,True,True,True,Mehran,7080000000.0,7080.0,60000000.0,60.0
74.0,2,True,True,True,Mehran,4070000000.0,4070.0,55000000.0,55.0
69.0,2,True,True,True,Mirdamad,3795000000.0,3795.0,55000000.0,55.0
149.0,3,True,True,False,Mirdamad,9238000000.0,9238.0,62000000.0,62.0
95.0,2,True,True,True,Mirdamad,5500000000.0,5500.0,57894736.84210526,57.89473684210526
90.0,2,True,True,True,Mirdamad,6000000000.0,6000.0,66666666.666666664,66.66666666666666
50.0,1,True,True,True,Mirdamad,3250000000.0,3250.0,65000000.0,65.0
140.0,3,True,True,True,Mirdamad,8000000000.0,8000.0,57142857.14285714,57.14285714285714
125.0,3,True,False,False,Mirdamad,6500000000.0,6500.0,52000000.0,52.0
135.0,2,True,True,True,Mirdamad,9970000000.0,9970.0,73851851.85185185,73.85185185185185
83.0,2,True,True,True,Mirdamad,4900000000.0,4900.0,59036144.578313254,59.036144578313255
101.0,2,True,True,True,Mirdamad,7300000000.0,7300.0,72277227.72277227,72.27722772277227
105.0,2,True,True,True,Mirdamad,7770000000.0,7770.0,74000000.0,74.0
170.0,3,True,True,True,Mirdamad,11800000000.0,11800.0,69411764.70588236,69.41176470588236
150.0,2,True,True,True,Mirdamad,8200000000.0,8200.0,54666666.666666664,54.666666666666664
107.0,2,True,True,True,Mirdamad,7597000000.0,7597.0,71000000.0,71.0
100.0,2,True,True,True,Mirza Shirazi,4100000000.0,4100.0,41000000.0,41.0
99.0,2,True,True,True,Moniriyeh,2277000000.0,2277.0,23000000.0,23.0
89.0,2,True,True,True,Moniriyeh,2047000000.0,2047.0,23000000.0,23.0
64.0,1,True,True,True,Narmak,2100000000.0,2100.0,32812500.0,32.8125
54.0,1,False,True,True,Narmak,1690000000.0,1690.0,31296296.296296295,31.296296296296294
98.0,2,True,True,False,Narmak,2842000000.0,2842.0,29000000.0,29.0
66.0,2,True,True,True,Narmak,2510000000.0,2510.0,38030303.03030303,38.03030303030303
50.0,1,True,True,False,Narmak,1750000000.0,1750.0,35000000.0,35.0
82.0,2,True,True,True,Narmak,3050000000.0,3050.0,37195121.951219514,37.19512195121951
121.0,2,True,True,True,Narmak,5500000000.0,5500.0,45454545.45454545,45.45454545454545
62.0,1,True,True,True,Narmak,2250000000.0,2250.0,36290322.58064516,36.29032258064516
60.0,1,False,True,True,Narmak,2100000000.0,2100.0,35000000.0,35.0
53.0,1,False,True,True,Narmak,1350000000.0,1350.0,25471698.11320755,25.471698113207548
40.0,1,True,True,False,Narmak,1250000000.0,1250.0,31250000.0,31.25
43.0,1,True,True,False,Narmak,1330000000.0,1330.0,30930232.558139537,30.930232558139537
66.0,2,True,True,False,Narmak,2200000000.0,2200.0,33333333.333333332,33.33333333333333
127.0,2,True,True,True,Narmak,4826000000.0,4826.0,38000000.0,38.0
59.0,1,True,True,True,Narmak,2100000000.0,2100.0,35593220.33898305,35.59322033898305
100.0,2,True,True,True,Narmak,3200000000.0,3200.0,32000000.0,32.0
100.0,2,True,True,True,Narmak,3800000000.0,3800.0,38000000.0,38.0
62.0,1,True,True,False,Narmak,2100000000.0,2100.0,33870967.741935484,33.87096774193549
53.0,1,False,True,True,Narmak,2300000000.0,2300.0,43396226.41509434,43.39622641509434
97.0,2,True,True,True,Narmak,4000000000.0,4000.0,41237113.40206186,41.23711340206186
70.0,2,True,True,False,Narmak,1850000000.0,1850.0,26428571.42857143,26.42857142857143
125.0,3,False,True,True,Nasim Shahr,1300000000.0,1300.0,10400000.0,10.4
43.0,0,False,True,False,Nasim Shahr,360000000.0,360.0,8372093.023255814,8.372093023255815
95.0,2,False,True,True,Nawab,2185000000.0,2185.0,23000000.0,23.0
43.0,1,False,True,False,Nawab,700000000.0,700.0,16279069.767441861,16.27906976744186
42.0,1,False,False,False,Naziabad,640000000.0,640.0,15238095.238095239,15.238095238095239
123.0,3,True,True,True,Nezamabad,3300000000.0,3300.0,26829268.292682927,26.829268292682926
42.0,1,True,False,False,Nezamabad,835000000.0,835.0,19880952.38095238,19.88095238095238
90.0,2,True,True,True,Niavaran,6800000000.0,6800.0,75555555.55555555,75.55555555555556
155.0,3,True,True,True,Niavaran,17050000000.0,17050.0,110000000.0,110.0
230.0,3,True,True,True,Niavaran,25300000000.0,25300.0,110000000.0,110.0
170.0,3,True,True,True,Niavaran,18700000000.0,18700.0,110000000.0,110.0
128.0,2,True,True,True,Niavaran,12800000000.0,12800.0,100000000.0,100.0
70.0,1,True,True,True,Niavaran,5600000000.0,5600.0,80000000.0,80.0
282.0,2,True,True,True,Niavaran,30000000000.0,30000.0,106382978.72340426,106.38297872340426
190.0,3,True,True,True,Niavaran,24700000000.0,24700.0,130000000.0,130.0
165.0,3,True,True,True,Niavaran,17200000000.0,17200.0,104242424.24242425,104.24242424242425
200.0,3,True,True,True,Niavaran,20000000000.0,20000.0,100000000.0,100.0
250.0,3,True,True,True,Niavaran,32500000000.0,32500.0,130000000.0,130.0
117.0,2,True,True,True,Niavaran,12500000000.0,12500.0,106837606.83760683,106.83760683760683
162.0,3,True,True,True,Niavaran,16300000000.0,16300.0,100617283.95061728,100.61728395061728
150.0,3,True,True,True,Niavaran,15000000000.0,15000.0,100000000.0,100.0
170.0,3,True,True,True,Niavaran,17000000000.0,17000.0,100000000.0,100.0
194.0,2,True,True,True,Niavaran,19845000000.0,19845.0,102293814.43298969,102.29381443298969
103.0,2,True,True,True,Niavaran,7000000000.0,7000.0,67961165.04854369,67.96116504854369
194.0,3,True,True,True,Niavaran,19858000000.0,19858.0,102360824.74226804,102.36082474226804
87.0,2,True,True,True,Niavaran,4600000000.0,4600.0,52873563.21839081,52.87356321839081
145.0,3,True,True,True,Niavaran,14500000000.0,14500.0,100000000.0,100.0
235.0,3,True,True,True,Niavaran,20000000000.0,20000.0,85106382.9787234,85.1063829787234
160.0,3,True,True,True,Niavaran,18400000000.0,18400.0,115000000.0,115.0
210.0,4,True,True,True,Niavaran,21000000000.0,21000.0,100000000.0,100.0
100.0,2,True,True,True,Niavaran,6200000000.0,6200.0,62000000.0,62.0
135.0,2,True,True,True,Niavaran,14850000000.0,14850.0,110000000.0,110.0
170.0,3,True,True,True,Niavaran,14000000000.0,14000.0,82352941.1764706,82.3529411764706
360.0,4,True,True,True,Niavaran,38000000000.0,38000.0,105555555.55555555,105.55555555555556
170.0,3,True,True,True,Niavaran,22100000000.0,22100.0,130000000.0,130.0
220.0,3,True,True,True,Niavaran,19800000000.0,19800.0,90000000.0,90.0
86.0,2,True,True,True,Niavaran,5580000000.0,5580.0,64883720.930232555,64.88372093023256
245.0,3,True,True,True,Niavaran,21560000000.0,21560.0,88000000.0,88.0
160.0,3,True,True,True,Niavaran,16800000000.0,16800.0,105000000.0,105.0
173.0,3,True,True,True,Niavaran,11000000000.0,11000.0,63583815.02890173,63.58381502890173
235.0,3,True,True,True,Niavaran,31000000000.0,31000.0,131914893.61702128,131.91489361702128
235.0,3,True,True,True,Niavaran,28500000000.0,28500.0,121276595.74468085,121.27659574468085
128.0,3,True,True,False,Niavaran,8500000000.0,8500.0,66406250.0,66.40625
113.0,2,True,True,True,Niavaran,9000000000.0,9000.0,79646017.69911504,79.64601769911503
200.0,3,True,True,True,Niavaran,29000000000.0,29000.0,145000000.0,145.0
170.0,3,True,True,True,Niavaran,22100000000.0,22100.0,130000000.0,130.0
200.0,3,True,True,True,Niavaran,14000000000.0,14000.0,70000000.0,70.0
95.0,2,True,True,True,Niavaran,8900000000.0,8900.0,93684210.5263158,93.6842105263158
100.0,2,True,True,True,Niavaran,7500000000.0,7500.0,75000000.0,75.0
160.0,3,True,True,True,Niavaran,17500000000.0,17500.0,109375000.0,109.375
270.0,4,True,True,True,Niavaran,35000000000.0,35000.0,129629629.62962963,129.62962962962962
250.0,3,True,True,True,Niavaran,34000000000.0,34000.0,136000000.0,136.0
57.0,1,False,False,True,Niavaran,3600000000.0,3600.0,63157894.7368421,63.1578947368421
95.0,2,True,False,True,Niavaran,9000000000.0,9000.0,94736842.10526316,94.73684210526316
92.0,1,True,True,True,Niavaran,6300000000.0,6300.0,68478260.86956522,68.47826086956522
110.0,2,True,True,True,Niavaran,10640000000.0,10640.0,96727272.72727273,96.72727272727273
220.0,3,True,True,True,Niavaran,20900000000.0,20900.0,95000000.0,95.0
165.0,3,True,True,True,Niavaran,17655000000.0,17655.0,107000000.0,107.0
52.0,1,True,True,True,Niavaran,4600000000.0,4600.0,88461538.46153846,88.46153846153847
180.0,3,True,True,True,Niavaran,16000000000.0,16000.0,88888888.8888889,88.8888888888889
110.0,2,True,True,True,Niavaran,12100000000.0,12100.0,110000000.0,110.0
190.0,3,True,True,True,Niavaran,15200000000.0,15200.0,80000000.0,80.0
135.0,3,True,True,True,Niavaran,9000000000.0,9000.0,66666666.666666664,66.66666666666666
200.0,4,True,True,True,Niavaran,15000000000.0,15000.0,75000000.0,75.0
150.0,3,True,True,True,Niavaran,11000000000.0,11000.0,73333333.33333333,73.33333333333333
120.0,2,True,True,True,Niavaran,9000000000.0,9000.0,75000000.0,75.0
94.0,2,True,True,True,Niavaran,8450000000.0,8450.0,89893617.0212766,89.8936170212766
83.0,2,True,True,True,Niavaran,6800000000.0,6800.0,81927710.84337349,81.92771084337349
70.0,2,True,True,False,North Program Organization,2050000000.0,2050.0,29285714.285714287,29.28571428571429
76.0,2,True,True,True,North Program Organization,2600000000.0,2600.0,34210526.315789476,34.21052631578947
75.0,2,True,True,True,North Program Organization,2300000000.0,2300.0,30666666.666666668,30.666666666666668
80.0,2,True,True,True,North Program Organization,3100000000.0,3100.0,38750000.0,38.75
99.0,3,True,True,True,North Program Organization,4190000000.0,4190.0,42323232.32323232,42.323232323232325
58.0,1,True,True,True,North Program Organization,2750000000.0,2750.0,47413793.10344828,47.41379310344828
84.0,2,True,True,True,North Program Organization,3250000000.0,3250.0,38690476.190476194,38.6904761904762
106.0,2,True,True,True,North Program Organization,4520000000.0,4520.0,42641509.43396226,42.64150943396226
87.0,2,True,True,True,North Program Organization,3000000000.0,3000.0,34482758.62068965,34.48275862068965
50.0,1,True,False,True,North Program Organization,1900000000.0,1900.0,38000000.0,38.0
90.0,2,True,True,True,North Program Organization,3420000000.0,3420.0,38000000.0,38.0
75.0,2,True,True,True,North Program Organization,2930000000.0,2930.0,39066666.666666664,39.06666666666666
68.0,2,True,True,True,North Program Organization,2450000000.0,2450.0,36029411.76470588,36.029411764705884
95.0,2,True,True,True,North Program Organization,4300000000.0,4300.0,45263157.89473684,45.26315789473684
101.0,2,True,True,True,North Program Organization,5150000000.0,5150.0,50990099.00990099,50.99009900990099
134.0,3,True,True,True,North Program Organization,6400000000.0,6400.0,47761194.02985074,47.76119402985074
105.0,3,True,True,True,North Program Organization,5985000000.0,5985.0,57000000.0,57.0
71.0,2,True,True,True,North Program Organization,2160000000.0,2160.0,30422535.211267605,30.422535211267604
105.0,2,True,True,True,North Program Organization,4900000000.0,4900.0,46666666.666666664,46.666666666666664
155.0,3,True,True,True,North Program Organization,5100000000.0,5100.0,32903225.80645161,32.90322580645161
155.0,3,True,True,True,North Program Organization,5300000000.0,5300.0,34193548.38709678,34.193548387096776
170.0,3,True,True,True,North Program Organization,8000000000.0,8000.0,47058823.52941176,47.05882352941176
90.0,2,True,True,True,North Program Organization,4750000000.0,4750.0,52777777.777777776,52.77777777777778
80.0,2,True,True,True,North Program Organization,2950000000.0,2950.0,36875000.0,36.875
60.0,1,True,True,True,Northern Chitgar,295000000.0,295.0,4916666.666666667,4.916666666666667
90.0,2,True,True,True,Northern Chitgar,455000000.0,455.0,5055555.555555556,5.055555555555556
103.0,2,True,True,True,Northern Chitgar,1035000000.0,1035.0,10048543.68932039,10.04854368932039
60.0,1,True,True,True,Northern Chitgar,875000000.0,875.0,14583333.333333334,14.583333333333334
60.0,1,True,True,True,Northern Chitgar,875000000.0,875.0,14583333.333333334,14.583333333333334
60.0,1,True,True,True,Northern Chitgar,1200000000.0,1200.0,20000000.0,20.0
50.0,0,True,True,True,Northern Chitgar,345000000.0,345.0,6900000.0,6.9
60.0,1,True,True,True,Northern Chitgar,875000000.0,875.0,14583333.333333334,14.583333333333334
120.0,3,True,True,True,Northern Chitgar,1750000000.0,1750.0,14583333.333333334,14.583333333333334
90.0,2,True,True,True,Northern Chitgar,690000000.0,690.0,7666666.666666667,7.666666666666667
90.0,2,True,True,True,Northern Chitgar,690000000.0,690.0,7666666.666666667,7.666666666666667
118.0,2,True,True,True,Northern Chitgar,320000000.0,320.0,2711864.406779661,2.711864406779661
62.0,1,True,True,True,Northern Chitgar,875000000.0,875.0,14112903.225806452,14.112903225806452
90.0,2,True,True,True,Northern Chitgar,1315000000.0,1315.0,14611111.111111112,14.611111111111112
70.0,2,True,True,True,Northern Janatabad,3050000000.0,3050.0,43571428.571428575,43.57142857142858
87.0,2,True,True,True,Northern Janatabad,3550000000.0,3550.0,40804597.70114943,40.804597701149426
70.0,2,True,True,True,Northern Janatabad,3200000000.0,3200.0,45714285.71428572,45.714285714285715
72.0,2,True,True,False,Northern Janatabad,2380000000.0,2380.0,33055555.555555556,33.05555555555556
80.0,2,False,True,False,Northern Janatabad,2200000000.0,2200.0,27500000.0,27.5
89.0,2,True,True,True,Northern Janatabad,3100000000.0,3100.0,34831460.67415731,34.831460674157306
80.0,2,True,True,False,Northern Janatabad,3250000000.0,3250.0,40625000.0,40.625
93.0,2,True,True,True,Northern Janatabad,4140000000.0,4140.0,44516129.03225806,44.516129032258064
75.0,2,True,True,True,Northern Janatabad,3050000000.0,3050.0,40666666.666666664,40.666666666666664
85.0,2,True,True,True,Northern Janatabad,3200000000.0,3200.0,37647058.823529415,37.64705882352941
96.0,2,True,True,True,Northern Janatabad,3900000000.0,3900.0,40625000.0,40.625
95.0,2,True,True,False,Northern Janatabad,3900000000.0,3900.0,41052631.578947365,41.05263157894736
100.0,2,True,True,True,Northern Janatabad,4450000000.0,4450.0,44500000.0,44.5
100.0,2,True,True,True,Northern Janatabad,5100000000.0,5100.0,51000000.0,51.0
75.0,2,True,True,False,Northern Janatabad,2385000000.0,2385.0,31800000.0,31.8
98.0,2,True,True,True,Northern Janatabad,4850000000.0,4850.0,49489795.91836735,49.48979591836735
79.0,2,False,True,False,Northern Janatabad,3200000000.0,3200.0,40506329.11392405,40.506329113924046
71.0,2,False,True,False,Northern Janatabad,2600000000.0,2600.0,36619718.30985916,36.61971830985916
88.0,2,True,True,True,Northern Janatabad,2980000000.0,2980.0,33863636.36363637,33.86363636363637
65.0,1,True,True,True,Northern Janatabad,2700000000.0,2700.0,41538461.538461536,41.53846153846153
88.0,2,True,True,False,Northern Janatabad,3850000000.0,3850.0,43750000.0,43.75
90.0,2,True,True,True,Northern Janatabad,3150000000.0,3150.0,35000000.0,35.0
90.0,2,True,True,True,Northern Janatabad,3880000000.0,3880.0,43111111.11111111,43.111111111111114
90.0,2,False,True,True,Northern Janatabad,3150000000.0,3150.0,35000000.0,35.0
85.0,2,True,True,False,Northern Janatabad,2950000000.0,2950.0,34705882.35294118,34.70588235294118
90.0,2,True,True,True,Northern Janatabad,4800000000.0,4800.0,53333333.333333336,53.333333333333336
77.0,2,True,True,True,Northern Janatabad,2680000000.0,2680.0,34805194.8051948,34.8051948051948
50.0,1,False,True,False,Northern Janatabad,1745000000.0,1745.0,34900000.0,34.9
60.0,1,True,True,False,Northern Janatabad,2280000000.0,2280.0,38000000.0,38.0
115.0,2,False,False,False,Northern Janatabad,5175000000.0,5175.0,45000000.0,45.0
85.0,2,True,True,True,Northern Suhrawardi,4500000000.0,4500.0,52941176.47058824,52.94117647058824
130.0,3,True,True,True,Northern Suhrawardi,7800000000.0,7800.0,60000000.0,60.0
114.0,2,False,False,False,Northern Suhrawardi,6500000000.0,6500.0,57017543.85964912,57.01754385964912
103.0,2,False,True,False,Northern Suhrawardi,3900000000.0,3900.0,37864077.66990291,37.86407766990291
80.0,2,True,True,True,Northren Jamalzadeh,3600000000.0,3600.0,45000000.0,45.0
123.0,2,True,True,True,Northren Jamalzadeh,3600000000.0,3600.0,29268292.68292683,29.26829268292683
55.0,1,False,False,True,Northren Jamalzadeh,1540000000.0,1540.0,28000000.0,28.0
94.0,2,False,True,False,Northren Jamalzadeh,2400000000.0,2400.0,25531914.893617023,25.531914893617024
84.0,2,True,True,True,Northren Jamalzadeh,2600000000.0,2600.0,30952380.95238095,30.952380952380953
40.0,1,True,False,True,Northren Jamalzadeh,1500000000.0,1500.0,37500000.0,37.5
90.0,2,True,True,True,Northren Jamalzadeh,3450000000.0,3450.0,38333333.333333336,38.333333333333336
63.0,2,True,True,True,Northren Jamalzadeh,2600000000.0,2600.0,41269841.26984127,41.269841269841265
94.0,2,False,True,False,Northren Jamalzadeh,2400000000.0,2400.0,25531914.893617023,25.531914893617024
100.0,2,False,False,False,Northren Jamalzadeh,3600000000.0,3600.0,36000000.0,36.0
85.0,2,True,True,True,Northren Jamalzadeh,3600000000.0,3600.0,42352941.176470585,42.35294117647059
62.0,2,False,False,True,Ostad Moein,1450000000.0,1450.0,23387096.774193548,23.387096774193548
121.0,3,True,True,False,Ostad Moein,3300000000.0,3300.0,27272727.272727273,27.272727272727273
66.0,2,True,True,True,Ostad Moein,1585000000.0,1585.0,24015151.515151516,24.015151515151516
80.0,2,True,True,True,Ostad Moein,2150000000.0,2150.0,26875000.0,26.875
126.0,3,True,True,True,Ostad Moein,3000000000.0,3000.0,23809523.80952381,23.80952380952381
45.0,1,False,False,False,Ostad Moein,1200000000.0,1200.0,26666666.666666668,26.666666666666668
66.0,1,True,True,False,Ostad Moein,1090000000.0,1090.0,16515151.515151516,16.515151515151516
57.0,1,True,True,True,Ostad Moein,1600000000.0,1600.0,28070175.43859649,28.07017543859649
100.0,2,True,True,True,Ostad Moein,3600000000.0,3600.0,36000000.0,36.0
66.0,2,True,True,True,Ostad Moein,1585000000.0,1585.0,24015151.515151516,24.015151515151516
66.0,2,True,True,True,Ostad Moein,1580000000.0,1580.0,23939393.939393938,23.939393939393938
95.0,2,True,True,True,Ostad Moein,2600000000.0,2600.0,27368421.05263158,27.36842105263158
68.0,2,True,True,True,Ostad Moein,1970000000.0,1970.0,28970588.23529412,28.97058823529412
57.0,1,True,True,True,Ostad Moein,1600000000.0,1600.0,28070175.43859649,28.07017543859649
115.0,2,True,True,True,Ostad Moein,3280000000.0,3280.0,28521739.13043478,28.52173913043478
50.0,1,True,True,True,Ostad Moein,1500000000.0,1500.0,30000000.0,30.0
63.0,1,True,True,True,Ostad Moein,1280000000.0,1280.0,20317460.317460317,20.317460317460316
40.0,0,False,True,False,Ostad Moein,650000000.0,650.0,16250000.0,16.25
66.0,2,True,True,True,Ostad Moein,1585000000.0,1585.0,24015151.515151516,24.015151515151516
63.0,1,True,True,True,Ostad Moein,1280000000.0,1280.0,20317460.317460317,20.317460317460316
66.0,2,True,True,True,Ostad Moein,1585000000.0,1585.0,24015151.515151516,24.015151515151516
82.0,2,True,True,True,Ostad Moein,2600000000.0,2600.0,31707317.073170733,31.70731707317073
105.0,3,True,True,True,Ostad Moein,2910000000.0,2910.0,27714285.714285713,27.71428571428571
66.0,2,True,False,True,Ostad Moein,1580000000.0,1580.0,23939393.939393938,23.939393939393938
66.0,2,True,False,True,Ostad Moein,1580000000.0,1580.0,23939393.939393938,23.939393939393938
63.0,1,True,True,True,Ostad Moein,1380000000.0,1380.0,21904761.904761903,21.9047619047619
95.0,2,True,True,True,Ostad Moein,2990000000.0,2990.0,31473684.210526317,31.47368421052632
96.0,2,True,True,True,Ostad Moein,2990000000.0,2990.0,31145833.333333332,31.145833333333332
66.0,2,True,True,True,Ostad Moein,1580000000.0,1580.0,23939393.939393938,23.939393939393938
100.0,2,True,True,True,Ostad Moein,2800000000.0,2800.0,28000000.0,28.0
95.0,2,True,True,True,Ostad Moein,2950000000.0,2950.0,31052631.57894737,31.05263157894737
50.0,1,False,True,True,Ostad Moein,1000000000.0,1000.0,20000000.0,20.0
57.0,1,False,True,True,Ostad Moein,1320000000.0,1320.0,23157894.736842107,23.157894736842106
56.0,2,True,True,True,Ostad Moein,1500000000.0,1500.0,26785714.285714287,26.78571428571429
45.0,1,False,False,True,Ostad Moein,1200000000.0,1200.0,26666666.666666668,26.666666666666668
56.0,1,False,True,False,Ostad Moein,1200000000.0,1200.0,21428571.42857143,21.42857142857143
65.0,2,False,False,False,Ostad Moein,1200000000.0,1200.0,18461538.46153846,18.46153846153846
51.0,1,False,True,False,Ostad Moein,900000000.0,900.0,17647058.82352941,17.64705882352941
44.0,1,True,False,True,Ostad Moein,1000000000.0,1000.0,22727272.727272727,22.727272727272727
37.0,1,False,True,True,Ostad Moein,999000000.0,999.0,27000000.0,27.0
47.0,1,False,True,False,Ostad Moein,1050000000.0,1050.0,22340425.531914894,22.340425531914892
62.0,1,True,False,True,Ostad Moein,1440000000.0,1440.0,23225806.451612905,23.225806451612904
91.0,2,True,True,True,Ostad Moein,2435000000.0,2435.0,26758241.758241758,26.75824175824176
64.0,2,True,True,True,Ostad Moein,1790000000.0,1790.0,27968750.0,27.96875
63.0,2,True,True,True,Ostad Moein,1670000000.0,1670.0,26507936.507936507,26.507936507936506
100.0,2,True,True,True,Ostad Moein,3150000000.0,3150.0,31500000.0,31.5
57.0,1,True,True,True,Ostad Moein,1600000000.0,1600.0,28070175.43859649,28.07017543859649
63.0,1,True,True,True,Ostad Moein,1380000000.0,1380.0,21904761.904761903,21.9047619047619
37.0,1,False,False,False,Ostad Moein,620000000.0,620.0,16756756.756756756,16.756756756756758
65.0,2,False,True,True,Ostad Moein,1550000000.0,1550.0,23846153.846153848,23.846153846153847
50.0,1,False,True,False,Ostad Moein,850000000.0,850.0,17000000.0,17.0
68.0,2,True,True,True,Ostad Moein,1970000000.0,1970.0,28970588.23529412,28.97058823529412
80.0,2,True,True,True,Ostad Moein,2440000000.0,2440.0,30500000.0,30.5
100.0,2,True,True,True,Ostad Moein,3150000000.0,3150.0,31500000.0,31.5
117.0,3,True,True,True,Ostad Moein,3680000000.0,3680.0,31452991.452991452,31.45299145299145
63.0,1,True,True,True,Ostad Moein,1280000000.0,1280.0,20317460.317460317,20.317460317460316
57.0,1,True,True,True,Ostad Moein,1600000000.0,1600.0,28070175.43859649,28.07017543859649
48.0,1,True,True,True,Ostad Moein,1350000000.0,1350.0,28125000.0,28.125
68.0,2,False,True,True,Ostad Moein,1320000000.0,1320.0,19411764.70588235,19.41176470588235
68.0,2,True,True,True,Ostad Moein,1970000000.0,1970.0,28970588.23529412,28.97058823529412
68.0,2,True,True,True,Ostad Moein,1970000000.0,1970.0,28970588.23529412,28.97058823529412
80.0,2,True,True,True,Ostad Moein,2250000000.0,2250.0,28125000.0,28.125
57.0,1,True,True,True,Ostad Moein,1600000000.0,1600.0,28070175.43859649,28.07017543859649
85.0,2,True,True,False,Ostad Moein,2000000000.0,2000.0,23529411.76470588,23.52941176470588
68.0,2,False,True,False,Ostad Moein,1500000000.0,1500.0,22058823.529411763,22.058823529411764
68.0,2,False,False,True,Ostad Moein,1320000000.0,1320.0,19411764.70588235,19.41176470588235
72.0,2,True,True,True,Ostad Moein,1860000000.0,1860.0,25833333.333333332,25.833333333333332
63.0,1,True,True,True,Ostad Moein,1380000000.0,1380.0,21904761.904761903,21.9047619047619
61.0,1,False,False,True,Ostad Moein,1180000000.0,1180.0,19344262.295081966,19.344262295081965
39.0,1,True,False,True,Ostad Moein,1170000000.0,1170.0,30000000.0,30.0
30.0,0,False,True,False,Ostad Moein,500000000.0,500.0,16666666.666666666,16.666666666666664
68.0,2,True,True,True,Ostad Moein,1680000000.0,1680.0,24705882.352941178,24.705882352941178
51.0,1,False,False,True,Ostad Moein,1100000000.0,1100.0,21568627.45098039,21.56862745098039
80.0,2,True,True,True,Ostad Moein,2250000000.0,2250.0,28125000.0,28.125
113.0,3,True,True,True,Ostad Moein,3170000000.0,3170.0,28053097.345132742,28.05309734513274
90.0,2,True,True,True,Ozgol,5000000000.0,5000.0,55555555.55555555,55.55555555555555
140.0,3,True,True,True,Ozgol,6300000000.0,6300.0,45000000.0,45.0
72.0,1,True,True,True,Ozgol,4500000000.0,4500.0,62500000.0,62.5
50.0,1,True,True,True,Ozgol,3000000000.0,3000.0,60000000.0,60.0
110.0,3,True,True,True,Ozgol,6550000000.0,6550.0,59545454.54545455,59.54545454545455
110.0,3,True,True,True,Ozgol,6550000000.0,6550.0,59545454.54545455,59.54545454545455
215.0,3,True,True,True,Pakdasht,1750000000.0,1750.0,8139534.883720931,8.13953488372093
68.0,2,False,True,False,Pakdasht,430000000.0,430.0,6323529.411764706,6.323529411764706
40.0,0,False,False,False,Pakdasht,165000000.0,165.0,4125000.0,4.125
141.0,3,True,True,True,Pakdasht,1225000000.0,1225.0,8687943.262411347,8.687943262411347
165.0,2,True,True,True,Pakdasht,1200000000.0,1200.0,7272727.2727272725,7.2727272727272725
160.0,3,False,True,False,Pakdasht,910000000.0,910.0,5687500.0,5.6875
85.0,2,True,True,True,Pakdasht,640000000.0,640.0,7529411.764705882,7.529411764705882
40.0,0,False,False,False,Pakdasht,165000000.0,165.0,4125000.0,4.125
150.0,2,True,True,True,Pakdasht,1270000000.0,1270.0,8466666.666666666,8.466666666666667
85.0,2,False,False,False,Pakdasht,355000000.0,355.0,4176470.588235294,4.176470588235294
170.0,3,True,True,True,Pakdasht,1280000000.0,1280.0,7529411.764705882,7.529411764705882
114.0,2,True,True,True,Pakdasht,1090000000.0,1090.0,9561403.50877193,9.56140350877193
165.0,3,True,True,True,Pakdasht,1000000000.0,1000.0,6060606.060606061,6.0606060606060606
110.0,2,False,True,False,Pakdasht,640000000.0,640.0,5818181.818181818,5.818181818181818
77.0,2,False,True,True,Pakdasht,460000000.0,460.0,5974025.974025974,5.974025974025974
100.0,2,False,True,True,Pakdasht,660000000.0,660.0,6600000.0,6.6
114.0,2,True,True,True,Pakdasht,1100000000.0,1100.0,9649122.807017544,9.649122807017545
110.0,2,False,True,True,Pakdasht,840000000.0,840.0,7636363.636363637,7.636363636363637
106.0,2,True,True,True,Pakdasht,900000000.0,900.0,8490566.03773585,8.49056603773585
73.0,1,True,True,True,Pakdasht,480000000.0,480.0,6575342.465753425,6.575342465753425
57.0,1,False,False,True,Pakdasht,450000000.0,450.0,7894736.842105263,7.894736842105263
160.0,3,True,True,True,Pakdasht,980000000.0,980.0,6125000.0,6.125
65.0,1,False,True,False,Pakdasht,320000000.0,320.0,4923076.923076923,4.923076923076923
68.0,2,False,True,False,Pakdasht,510000000.0,510.0,7500000.0,7.5
90.0,1,False,True,False,Pakdasht KhatunAbad,850000000.0,850.0,9444444.444444444,9.444444444444445
88.0,3,False,False,True,Parand,560000000.0,560.0,6363636.363636363,6.363636363636363
88.0,3,False,False,True,Parand,560000000.0,560.0,6363636.363636363,6.363636363636363
94.0,2,True,True,True,Parand,580000000.0,580.0,6170212.765957447,6.170212765957447
85.0,2,True,True,True,Parand,410000000.0,410.0,4823529.411764706,4.823529411764706
85.0,2,True,True,True,Parand,545000000.0,545.0,6411764.705882353,6.411764705882352
78.0,2,False,False,True,Parand,370000000.0,370.0,4743589.743589744,4.743589743589744
75.0,2,True,True,True,Parand,395000000.0,395.0,5266666.666666667,5.266666666666667
78.0,2,True,True,True,Parand,460000000.0,460.0,5897435.897435897,5.897435897435897
74.0,2,False,False,True,Parand,315000000.0,315.0,4256756.756756756,4.256756756756756
77.0,2,False,False,False,Parand,440000000.0,440.0,5714285.714285715,5.714285714285714
75.0,2,False,True,True,Parand,389000000.0,389.0,5186666.666666667,5.1866666666666665
85.0,2,True,True,True,Parand,520000000.0,520.0,6117647.05882353,6.11764705882353
86.0,3,True,True,True,Parand,425000000.0,425.0,4941860.465116279,4.941860465116279
78.0,2,False,False,False,Parand,455000000.0,455.0,5833333.333333333,5.833333333333333
88.0,2,False,False,True,Parand,485000000.0,485.0,5511363.636363637,5.511363636363637
88.0,3,False,False,True,Parand,520000000.0,520.0,5909090.909090909,5.909090909090909
76.0,2,False,False,False,Parand,365000000.0,365.0,4802631.578947368,4.802631578947368
88.0,2,False,False,True,Parand,580000000.0,580.0,6590909.090909091,6.590909090909091
78.0,2,False,True,True,Parand,425000000.0,425.0,5448717.948717949,5.448717948717949
93.0,2,True,True,False,Parand,650000000.0,650.0,6989247.311827957,6.989247311827957
76.0,2,False,False,False,Parand,345000000.0,345.0,4539473.684210527,4.5394736842105265
75.0,2,False,True,True,Parand,400000000.0,400.0,5333333.333333333,5.333333333333333
80.0,2,True,True,True,Parand,500000000.0,500.0,6250000.0,6.25
88.0,3,False,True,True,Parand,475000000.0,475.0,5397727.2727272725,5.3977272727272725
78.0,2,False,False,True,Parand,417000000.0,417.0,5346153.846153846,5.346153846153846
75.0,2,False,True,True,Parand,385000000.0,385.0,5133333.333333333,5.133333333333333
79.0,2,True,True,True,Parand,410000000.0,410.0,5189873.417721519,5.189873417721519
58.0,1,False,False,False,Parand,315000000.0,315.0,5431034.482758621,5.431034482758621
62.0,2,False,False,True,Parand,350000000.0,350.0,5645161.29032258,5.64516129032258
82.0,2,True,False,True,Parand,500000000.0,500.0,6097560.975609756,6.097560975609756
74.0,2,False,False,False,Parand,440000000.0,440.0,5945945.945945946,5.945945945945946
78.0,2,False,True,True,Parand,430000000.0,430.0,5512820.512820513,5.512820512820513
72.0,2,True,False,True,Parand,385000000.0,385.0,5347222.222222222,5.347222222222222
78.0,2,False,False,True,Parand,420000000.0,420.0,5384615.384615385,5.384615384615385
75.0,2,False,False,False,Parand,365000000.0,365.0,4866666.666666667,4.866666666666667
73.0,2,True,True,True,Parand,385000000.0,385.0,5273972.602739726,5.273972602739726
58.0,1,False,False,True,Parand,320000000.0,320.0,5517241.379310345,5.517241379310345
58.0,1,False,False,True,Parand,320000000.0,320.0,5517241.379310345,5.517241379310345
78.0,2,False,False,True,Parand,370000000.0,370.0,4743589.743589744,4.743589743589744
88.0,1,False,False,True,Parand,380000000.0,380.0,4318181.818181818,4.318181818181818
68.0,2,False,True,True,Parand,310000000.0,310.0,4558823.529411765,4.5588235294117645
74.0,2,False,False,False,Parand,420000000.0,420.0,5675675.675675675,5.675675675675675
74.0,2,False,False,True,Parand,305000000.0,305.0,4121621.621621622,4.121621621621622
58.0,1,False,False,False,Parand,255000000.0,255.0,4396551.724137931,4.3965517241379315
75.0,2,False,False,True,Parand,345000000.0,345.0,4600000.0,4.6
58.0,5,False,False,True,Parand,295000000.0,295.0,5086206.8965517245,5.086206896551724
58.0,1,True,True,True,Parand,275000000.0,275.0,4741379.310344827,4.741379310344827
75.0,2,False,False,False,Parand,245000000.0,245.0,3266666.6666666665,3.2666666666666666
75.0,2,True,False,True,Parand,305000000.0,305.0,4066666.6666666665,4.066666666666666
78.0,2,False,False,True,Parand,405000000.0,405.0,5192307.692307692,5.192307692307692
58.0,1,False,False,True,Parand,305000000.0,305.0,5258620.689655173,5.258620689655173
75.0,2,False,True,True,Parand,280000000.0,280.0,3733333.3333333335,3.7333333333333334
86.0,3,False,True,True,Parand,330000000.0,330.0,3837209.302325581,3.837209302325581
60.0,1,True,True,True,Parand,390000000.0,390.0,6500000.0,6.5
75.0,2,False,True,True,Parand,280000000.0,280.0,3733333.3333333335,3.7333333333333334
58.0,1,False,False,False,Parand,255000000.0,255.0,4396551.724137931,4.3965517241379315
82.0,2,False,False,True,Parand,353000000.0,353.0,4304878.048780488,4.304878048780488
86.0,2,False,False,True,Parand,470000000.0,470.0,5465116.279069767,5.465116279069767
58.0,1,False,False,True,Parand,295000000.0,295.0,5086206.8965517245,5.086206896551724
75.0,2,False,False,False,Parand,380000000.0,380.0,5066666.666666667,5.066666666666667
83.0,2,False,False,True,Parand,500000000.0,500.0,6024096.385542168,6.024096385542168
75.0,2,True,True,True,Parand,250000000.0,250.0,3333333.3333333335,3.3333333333333335
75.0,2,True,True,True,Parand,390000000.0,390.0,5200000.0,5.2
78.0,2,True,False,True,Parand,400000000.0,400.0,5128205.128205128,5.128205128205128
78.0,2,False,False,True,Parand,395000000.0,395.0,5064102.564102564,5.064102564102564
75.0,2,False,True,True,Parand,397000000.0,397.0,5293333.333333333,5.293333333333333
75.0,2,False,False,False,Parand,300000000.0,300.0,4000000.0,4.0
75.0,2,False,False,True,Parand,350000000.0,350.0,4666666.666666667,4.666666666666667
82.0,2,True,True,True,Parand,360000000.0,360.0,4390243.902439024,4.390243902439025
80.0,2,False,False,True,Parand,390000000.0,390.0,4875000.0,4.875
58.0,1,False,False,False,Parand,235000000.0,235.0,4051724.1379310344,4.051724137931035
58.0,1,False,False,False,Parand,255000000.0,255.0,4396551.724137931,4.3965517241379315
92.0,2,True,True,True,Parand,590000000.0,590.0,6413043.478260869,6.413043478260869
87.0,3,False,False,True,Parand,488000000.0,488.0,5609195.402298851,5.609195402298851
75.0,2,True,True,True,Parand,385000000.0,385.0,5133333.333333333,5.133333333333333
73.0,2,True,True,False,Parand,375000000.0,375.0,5136986.301369863,5.136986301369863
72.0,2,False,False,False,Parand,380000000.0,380.0,5277777.777777778,5.277777777777778
87.0,2,True,False,True,Parand,550000000.0,550.0,6321839.08045977,6.32183908045977
91.0,2,True,True,True,Parand,465000000.0,465.0,5109890.10989011,5.1098901098901095
75.0,2,False,False,True,Parand,398000000.0,398.0,5306666.666666667,5.306666666666667
75.0,2,False,False,False,Parand,395000000.0,395.0,5266666.666666667,5.266666666666667
82.0,2,False,False,True,Parand,455000000.0,455.0,5548780.4878048785,5.548780487804878
75.0,2,False,False,True,Parand,330000000.0,330.0,4400000.0,4.4
60.0,1,False,False,False,Parand,300000000.0,300.0,5000000.0,5.0
60.0,1,False,False,False,Parand,300000000.0,300.0,5000000.0,5.0
80.0,2,False,False,False,Parand,380000000.0,380.0,4750000.0,4.75
62.0,1,False,False,True,Parand,350000000.0,350.0,5645161.29032258,5.64516129032258
89.0,3,True,True,True,Parand,430000000.0,430.0,4831460.674157304,4.831460674157304
65.0,1,True,True,True,Parand,340000000.0,340.0,5230769.230769231,5.230769230769231
78.0,2,True,True,True,Parand,480000000.0,480.0,6153846.153846154,6.153846153846154
74.0,1,False,True,True,Parand,480000000.0,480.0,6486486.486486486,6.486486486486486
75.0,2,False,True,True,Parand,345000000.0,345.0,4600000.0,4.6
86.0,3,False,True,True,Parand,275000000.0,275.0,3197674.418604651,3.197674418604651
58.0,1,False,False,True,Parand,246000000.0,246.0,4241379.310344827,4.241379310344827
74.0,2,False,False,True,Parand,313000000.0,313.0,4229729.72972973,4.22972972972973
58.0,1,False,False,True,Parand,325000000.0,325.0,5603448.275862069,5.6034482758620685
75.0,2,False,False,False,Parand,365000000.0,365.0,4866666.666666667,4.866666666666667
82.0,2,False,True,True,Parand,360000000.0,360.0,4390243.902439024,4.390243902439025
48.0,1,False,True,False,Parastar,980000000.0,980.0,20416666.666666668,20.416666666666668
57.0,1,False,True,True,Parastar,1270000000.0,1270.0,22280701.754385963,22.280701754385962
75.0,2,True,False,True,Parastar,2300000000.0,2300.0,30666666.666666668,30.666666666666668
102.0,2,True,True,False,Parastar,2030000000.0,2030.0,19901960.784313727,19.901960784313726
44.0,1,False,True,False,Parastar,1030000000.0,1030.0,23409090.90909091,23.40909090909091
55.0,2,False,False,False,Parastar,1280000000.0,1280.0,23272727.272727273,23.272727272727273
87.0,2,True,False,True,Parastar,2500000000.0,2500.0,28735632.183908045,28.735632183908045
79.0,2,True,True,True,Pardis,550000000.0,550.0,6962025.316455696,6.962025316455696
87.0,2,True,True,True,Pardis,600000000.0,600.0,6896551.724137931,6.8965517241379315
98.0,2,True,True,True,Pardis,540000000.0,540.0,5510204.081632653,5.510204081632653
97.0,2,True,True,True,Pardis,510000000.0,510.0,5257731.958762887,5.257731958762887
105.0,2,True,True,True,Pardis,605000000.0,605.0,5761904.761904762,5.761904761904762
86.0,2,True,True,True,Pardis,580000000.0,580.0,6744186.046511628,6.7441860465116275
84.0,2,True,True,True,Pardis,560000000.0,560.0,6666666.666666667,6.666666666666667
105.0,2,True,True,True,Pardis,700000000.0,700.0,6666666.666666667,6.666666666666667
81.0,2,True,False,True,Pardis,590000000.0,590.0,7283950.617283951,7.283950617283951
87.0,2,True,True,True,Pardis,625000000.0,625.0,7183908.045977011,7.183908045977011
87.0,2,True,True,True,Pardis,650000000.0,650.0,7471264.3678160915,7.471264367816092
84.0,2,True,True,True,Pardis,680000000.0,680.0,8095238.095238095,8.095238095238095
105.0,2,True,True,True,Pardis,1000000000.0,1000.0,9523809.523809524,9.523809523809524
100.0,2,True,True,True,Pardis,585000000.0,585.0,5850000.0,5.85
94.0,2,True,False,True,Pardis,990000000.0,990.0,10531914.89361702,10.53191489361702
64.0,1,True,True,True,Pardis,680000000.0,680.0,10625000.0,10.625
105.0,2,True,True,True,Pardis,690000000.0,690.0,6571428.571428572,6.571428571428572
87.0,2,True,True,True,Pardis,760000000.0,760.0,8735632.183908045,8.735632183908045
86.0,2,True,True,True,Pardis,610000000.0,610.0,7093023.2558139535,7.093023255813954
88.0,2,True,True,True,Pardis,740000000.0,740.0,8409090.909090908,8.409090909090908
85.0,2,True,True,True,Pardis,780000000.0,780.0,9176470.588235294,9.176470588235295
87.0,2,True,True,True,Pardis,715000000.0,715.0,8218390.804597701,8.218390804597702
87.0,2,True,True,True,Pardis,650000000.0,650.0,7471264.3678160915,7.471264367816092
79.0,2,True,True,True,Pardis,550000000.0,550.0,6962025.316455696,6.962025316455696
87.0,2,True,True,True,Pardis,540000000.0,540.0,6206896.551724138,6.206896551724138
84.0,2,True,True,True,Pardis,550000000.0,550.0,6547619.047619048,6.5476190476190474
84.0,2,True,True,True,Pardis,560000000.0,560.0,6666666.666666667,6.666666666666667
84.0,2,True,True,True,Pardis,540000000.0,540.0,6428571.428571428,6.428571428571428
84.0,2,True,True,True,Pardis,550000000.0,550.0,6547619.047619048,6.5476190476190474
87.0,2,True,True,True,Pardis,795000000.0,795.0,9137931.034482758,9.137931034482758
87.0,2,True,True,True,Pardis,670000000.0,670.0,7701149.425287357,7.7011494252873565
121.0,3,True,True,True,Pardis,630000000.0,630.0,5206611.570247934,5.206611570247934
105.0,2,True,True,True,Pardis,955000000.0,955.0,9095238.095238095,9.095238095238095
100.0,3,True,True,True,Pardis,500000000.0,500.0,5000000.0,5.0
105.0,2,True,True,True,Pardis,980000000.0,980.0,9333333.333333334,9.333333333333334
87.0,2,True,True,True,Pardis,490000000.0,490.0,5632183.908045977,5.6321839080459775
86.0,2,True,True,True,Pardis,500000000.0,500.0,5813953.488372093,5.813953488372093
85.0,2,True,True,True,Pardis,600000000.0,600.0,7058823.529411765,7.0588235294117645
86.0,2,True,True,True,Pardis,750000000.0,750.0,8720930.232558139,8.720930232558139
86.0,2,True,True,True,Pardis,600000000.0,600.0,6976744.186046512,6.976744186046512
98.0,2,True,True,True,Pardis,570000000.0,570.0,5816326.530612245,5.816326530612245
97.0,2,True,True,True,Pardis,900000000.0,900.0,9278350.515463918,9.278350515463918
87.0,2,True,True,True,Pardis,650000000.0,650.0,7471264.3678160915,7.471264367816092
100.0,2,True,True,True,Pardis,500000000.0,500.0,5000000.0,5.0
105.0,2,True,True,True,Pardis,514000000.0,514.0,4895238.095238095,4.895238095238095
87.0,2,True,True,True,Pardis,726000000.0,726.0,8344827.586206896,8.344827586206897
92.0,2,False,False,True,Pardis,550000000.0,550.0,5978260.869565218,5.978260869565218
105.0,2,True,True,True,Pardis,535000000.0,535.0,5095238.095238095,5.095238095238095
110.0,2,True,True,True,Pardis,535000000.0,535.0,4863636.363636363,4.863636363636363
121.0,3,True,True,True,Pardis,610000000.0,610.0,5041322.314049587,5.041322314049586
105.0,2,True,True,True,Pardis,940000000.0,940.0,8952380.952380951,8.95238095238095
87.0,2,True,True,True,Pardis,725000000.0,725.0,8333333.333333333,8.333333333333332
97.0,2,True,True,True,Pardis,770000000.0,770.0,7938144.329896907,7.938144329896907
105.0,2,True,True,True,Pardis,950000000.0,950.0,9047619.047619049,9.04761904761905
121.0,3,True,True,True,Pardis,610000000.0,610.0,5041322.314049587,5.041322314049586
110.0,2,True,True,True,Pardis,375000000.0,375.0,3409090.909090909,3.409090909090909
105.0,2,True,True,True,Pardis,550000000.0,550.0,5238095.238095238,5.238095238095238
105.0,2,True,True,True,Pardis,875000000.0,875.0,8333333.333333333,8.333333333333332
100.0,2,True,True,True,Pardis,1100000000.0,1100.0,11000000.0,11.0
123.0,3,True,True,True,Pardis,500000000.0,500.0,4065040.650406504,4.065040650406504
100.0,2,True,True,True,Pardis,500000000.0,500.0,5000000.0,5.0
87.0,2,True,True,True,Pardis,500000000.0,500.0,5747126.436781609,5.74712643678161
105.0,2,True,True,True,Pardis,890000000.0,890.0,8476190.476190476,8.476190476190476
105.0,2,True,True,True,Pardis,800000000.0,800.0,7619047.619047619,7.6190476190476195
97.0,2,True,True,True,Pardis,760000000.0,760.0,7835051.546391753,7.835051546391752
100.0,2,True,True,True,Pardis,790000000.0,790.0,7900000.0,7.9
105.0,2,True,True,True,Pardis,860000000.0,860.0,8190476.19047619,8.19047619047619
97.0,2,True,True,True,Pardis,760000000.0,760.0,7835051.546391753,7.835051546391752
87.0,2,False,True,True,Pardis,500000000.0,500.0,5747126.436781609,5.74712643678161
105.0,2,True,True,True,Pardis,539000000.0,539.0,5133333.333333333,5.133333333333333
106.0,2,True,True,True,Pardis,800000000.0,800.0,7547169.811320755,7.547169811320755
97.0,2,True,True,True,Pardis,770000000.0,770.0,7938144.329896907,7.938144329896907
87.0,2,True,True,True,Pardis,890000000.0,890.0,10229885.057471264,10.229885057471265
110.0,2,True,True,True,Pardis,535000000.0,535.0,4863636.363636363,4.863636363636363
120.0,3,True,True,True,Pardis,670000000.0,670.0,5583333.333333333,5.583333333333333
87.0,2,True,True,True,Pardis,550000000.0,550.0,6321839.08045977,6.32183908045977
112.0,2,True,True,True,Pardis,480000000.0,480.0,4285714.285714285,4.285714285714286
120.0,3,True,True,True,Pardis,650000000.0,650.0,5416666.666666667,5.416666666666667
87.0,2,False,False,True,Pardis,585000000.0,585.0,6724137.931034483,6.724137931034483
106.0,2,True,True,True,Pardis,560000000.0,560.0,5283018.867924528,5.283018867924528
105.0,2,True,True,True,Pardis,540000000.0,540.0,5142857.142857143,5.142857142857142
87.0,2,False,False,True,Pardis,810000000.0,810.0,9310344.827586208,9.310344827586208
104.0,2,True,True,True,Pardis,590000000.0,590.0,5673076.923076923,5.673076923076923
105.0,2,True,True,True,Pardis,555000000.0,555.0,5285714.285714285,5.285714285714286
105.0,2,True,True,True,Pardis,540000000.0,540.0,5142857.142857143,5.142857142857142
105.0,2,True,True,True,Pardis,550000000.0,550.0,5238095.238095238,5.238095238095238
100.0,2,False,False,False,Pardis,650000000.0,650.0,6500000.0,6.5
105.0,2,True,True,True,Pardis,550000000.0,550.0,5238095.238095238,5.238095238095238
86.0,2,True,True,True,Pardis,780000000.0,780.0,9069767.441860465,9.069767441860465
87.0,2,True,True,True,Pardis,960000000.0,960.0,11034482.75862069,11.03448275862069
87.0,2,True,True,True,Pardis,720000000.0,720.0,8275862.068965517,8.275862068965518
85.0,2,True,True,True,Pardis,730000000.0,730.0,8588235.294117646,8.588235294117647
105.0,2,True,True,True,Pardis,525000000.0,525.0,5000000.0,5.0
105.0,2,True,True,True,Pardis,750000000.0,750.0,7142857.142857143,7.142857142857142
85.0,2,True,False,True,Pardis,470000000.0,470.0,5529411.764705882,5.529411764705882
87.0,2,True,True,True,Pardis,570000000.0,570.0,6551724.137931035,6.551724137931035
97.0,2,True,True,True,Pardis,770000000.0,770.0,7938144.329896907,7.938144329896907
106.0,2,True,True,True,Pardis,800000000.0,800.0,7547169.811320755,7.547169811320755
105.0,2,True,True,True,Pardis,700000000.0,700.0,6666666.666666667,6.666666666666667
98.0,2,True,True,True,Pardis,770000000.0,770.0,7857142.857142857,7.857142857142858
87.0,2,True,True,True,Pardis,850000000.0,850.0,9770114.942528736,9.770114942528735
105.0,2,True,True,True,Pardis,945000000.0,945.0,9000000.0,9.0
100.0,2,True,True,True,Pardis,1050000000.0,1050.0,10500000.0,10.5
105.0,2,True,True,True,Pardis,890000000.0,890.0,8476190.476190476,8.476190476190476
105.0,2,True,True,True,Pardis,710000000.0,710.0,6761904.761904762,6.761904761904762
105.0,2,True,True,True,Pardis,500000000.0,500.0,4761904.761904762,4.761904761904762
87.0,2,True,True,True,Pardis,530000000.0,530.0,6091954.022988506,6.091954022988506
66.0,1,True,True,True,Pardis,720000000.0,720.0,10909090.909090908,10.909090909090908
98.0,2,True,True,True,Pardis,1000000000.0,1000.0,10204081.632653061,10.204081632653061
87.0,2,True,True,True,Pardis,479000000.0,479.0,5505747.126436782,5.505747126436782
87.0,2,True,True,True,Pardis,496000000.0,496.0,5701149.425287357,5.7011494252873565
85.0,2,True,True,True,Pardis,690000000.0,690.0,8117647.05882353,8.117647058823529
86.0,2,True,True,True,Pardis,890000000.0,890.0,10348837.209302325,10.348837209302324
87.0,2,False,False,False,Pardis,900000000.0,900.0,10344827.586206896,10.344827586206897
87.0,2,True,True,True,Pardis,650000000.0,650.0,7471264.3678160915,7.471264367816092
86.0,2,True,True,True,Pardis,500000000.0,500.0,5813953.488372093,5.813953488372093
86.0,2,True,True,True,Pardis,600000000.0,600.0,6976744.186046512,6.976744186046512
98.0,2,True,True,True,Pardis,770000000.0,770.0,7857142.857142857,7.857142857142858
105.0,2,True,True,True,Pardis,760000000.0,760.0,7238095.238095238,7.238095238095238
106.0,2,True,True,True,Pardis,505000000.0,505.0,4764150.9433962265,4.764150943396227
98.0,2,True,True,True,Pardis,790000000.0,790.0,8061224.489795919,8.061224489795919
92.0,2,True,True,True,Pardis,565000000.0,565.0,6141304.347826087,6.141304347826087
85.0,2,True,True,True,Pardis,650000000.0,650.0,7647058.823529412,7.647058823529412
87.0,2,True,True,True,Pardis,680000000.0,680.0,7816091.954022989,7.816091954022989
98.0,2,True,True,True,Pardis,910000000.0,910.0,9285714.285714285,9.285714285714285
87.0,2,True,True,True,Pardis,658000000.0,658.0,7563218.390804598,7.5632183908045985
85.0,2,True,False,True,Pardis,730000000.0,730.0,8588235.294117646,8.588235294117647
98.0,2,True,True,True,Pardis,550000000.0,550.0,5612244.897959184,5.612244897959184
79.0,2,True,True,True,Pardis,550000000.0,550.0,6962025.316455696,6.962025316455696
98.0,2,True,True,True,Pardis,650000000.0,650.0,6632653.0612244895,6.63265306122449
71.0,1,False,True,True,Pardis,540000000.0,540.0,7605633.802816901,7.605633802816901
180.0,3,True,True,True,Pasdaran,9900000000.0,9900.0,55000000.0,55.0
108.0,2,True,True,True,Pasdaran,9180000000.0,9180.0,85000000.0,85.0
200.0,3,True,True,True,Pasdaran,12000000000.0,12000.0,60000000.0,60.0
100.0,2,True,True,True,Pasdaran,8000000000.0,8000.0,80000000.0,80.0
210.0,3,True,True,True,Pasdaran,15750000000.0,15750.0,75000000.0,75.0
153.0,3,True,True,True,Pasdaran,13000000000.0,13000.0,84967320.26143791,84.9673202614379
113.0,2,True,True,True,Pasdaran,8500000000.0,8500.0,75221238.9380531,75.2212389380531
120.0,2,True,True,True,Pasdaran,7500000000.0,7500.0,62500000.0,62.5
120.0,2,True,True,True,Pasdaran,7500000000.0,7500.0,62500000.0,62.5
110.0,1,True,True,True,Pasdaran,6600000000.0,6600.0,60000000.0,60.0
135.0,3,True,True,True,Pasdaran,8100000000.0,8100.0,60000000.0,60.0
98.0,2,True,True,True,Pasdaran,7800000000.0,7800.0,79591836.73469388,79.59183673469389
165.0,3,True,True,True,Pasdaran,10500000000.0,10500.0,63636363.63636363,63.63636363636363
200.0,3,True,True,True,Pasdaran,16580000000.0,16580.0,82900000.0,82.9
160.0,2,True,True,True,Pasdaran,16200000000.0,16200.0,101250000.0,101.25
96.0,2,True,True,True,Pasdaran,5600000000.0,5600.0,58333333.333333336,58.333333333333336
140.0,3,True,True,True,Pasdaran,11800000000.0,11800.0,84285714.28571428,84.28571428571428
180.0,3,True,True,True,Pasdaran,9900000000.0,9900.0,55000000.0,55.0
115.0,2,True,True,True,Pasdaran,11000000000.0,11000.0,95652173.91304348,95.65217391304348
150.0,3,True,True,True,Pasdaran,13000000000.0,13000.0,86666666.66666667,86.66666666666667
130.0,3,True,True,True,Pasdaran,11100000000.0,11100.0,85384615.38461539,85.38461538461539
170.0,3,True,True,True,Pasdaran,10800000000.0,10800.0,63529411.76470588,63.529411764705884
162.0,3,True,True,True,Pasdaran,7600000000.0,7600.0,46913580.24691358,46.91358024691358
107.0,2,True,True,True,Pasdaran,9200000000.0,9200.0,85981308.41121495,85.98130841121495
100.0,2,True,True,True,Pasdaran,5500000000.0,5500.0,55000000.0,55.0
60.0,2,True,True,True,Pasdaran,3450000000.0,3450.0,57500000.0,57.5
62.0,2,True,True,False,Pasdaran,3400000000.0,3400.0,54838709.67741936,54.83870967741936
83.0,2,True,False,True,Pasdaran,5000000000.0,5000.0,60240963.855421685,60.24096385542168
175.0,3,True,True,True,Pasdaran,15500000000.0,15500.0,88571428.57142857,88.57142857142857
108.0,2,True,True,True,Pasdaran,7700000000.0,7700.0,71296296.2962963,71.2962962962963
92.0,2,True,True,True,Pasdaran,6700000000.0,6700.0,72826086.95652173,72.82608695652173
180.0,3,True,True,True,Pasdaran,9900000000.0,9900.0,55000000.0,55.0
67.0,2,True,True,True,Pasdaran,3500000000.0,3500.0,52238805.97014926,52.23880597014926
115.0,3,True,True,True,Pasdaran,5300000000.0,5300.0,46086956.52173913,46.08695652173913
144.0,3,True,True,False,Pasdaran,8000000000.0,8000.0,55555555.55555555,55.55555555555555
116.0,3,True,True,True,Pasdaran,8100000000.0,8100.0,69827586.20689656,69.82758620689656
179.0,3,True,True,True,Pasdaran,9645000000.0,9645.0,53882681.56424581,53.882681564245814
180.0,3,True,True,True,Pasdaran,9900000000.0,9900.0,55000000.0,55.0
185.0,3,True,True,True,Pasdaran,10750000000.0,10750.0,58108108.10810811,58.10810810810811
150.0,3,True,True,True,Pasdaran,11456000000.0,11456.0,76373333.33333333,76.37333333333333
140.0,2,True,True,True,Pasdaran,10500000000.0,10500.0,75000000.0,75.0
140.0,2,True,True,True,Pasdaran,10000000000.0,10000.0,71428571.42857143,71.42857142857143
132.0,3,True,True,True,Pasdaran,9900000000.0,9900.0,75000000.0,75.0
185.0,3,True,True,True,Pasdaran,13000000000.0,13000.0,70270270.27027027,70.27027027027027
158.0,3,True,True,True,Pasdaran,11060000000.0,11060.0,70000000.0,70.0
155.0,3,True,True,True,Pasdaran,13175000000.0,13175.0,85000000.0,85.0
147.0,3,True,True,True,Pasdaran,8350000000.0,8350.0,56802721.088435374,56.802721088435376
100.0,2,True,True,True,Pasdaran,6000000000.0,6000.0,60000000.0,60.0
95.0,2,True,True,True,Pasdaran,5850000000.0,5850.0,61578947.368421055,61.578947368421055
86.0,2,True,True,True,Pasdaran,5400000000.0,5400.0,62790697.674418606,62.7906976744186
83.0,2,True,True,True,Pasdaran,4700000000.0,4700.0,56626506.024096385,56.626506024096386
57.0,1,True,True,True,Pasdaran,3700000000.0,3700.0,64912280.701754384,64.91228070175438
180.0,3,True,True,True,Pasdaran,13000000000.0,13000.0,72222222.22222222,72.22222222222223
136.0,3,True,True,True,Pasdaran,7300000000.0,7300.0,53676470.5882353,53.6764705882353
113.0,2,True,True,True,Pasdaran,8475000000.0,8475.0,75000000.0,75.0
70.0,1,True,True,True,Pasdaran,5100000000.0,5100.0,72857142.85714285,72.85714285714285
150.0,3,True,True,True,Pasdaran,9750000000.0,9750.0,65000000.0,65.0
130.0,2,True,True,True,Pasdaran,9500000000.0,9500.0,73076923.07692307,73.07692307692307
190.0,3,True,True,True,Pasdaran,12350000000.0,12350.0,65000000.0,65.0
110.0,2,True,True,True,Pasdaran,8800000000.0,8800.0,80000000.0,80.0
186.0,3,True,True,True,Pasdaran,9300000000.0,9300.0,50000000.0,50.0
141.0,3,True,True,True,Persian Gulf Martyrs Lake,3810000000.0,3810.0,27021276.59574468,27.02127659574468
140.0,3,True,True,True,Persian Gulf Martyrs Lake,1790000000.0,1790.0,12785714.285714285,12.785714285714285
120.0,2,True,True,True,Persian Gulf Martyrs Lake,1530000000.0,1530.0,12750000.0,12.75
121.0,3,True,True,True,Persian Gulf Martyrs Lake,3650000000.0,3650.0,30165289.256198347,30.165289256198346
100.0,2,True,True,True,Persian Gulf Martyrs Lake,1000000000.0,1000.0,10000000.0,10.0
125.0,3,True,True,True,Persian Gulf Martyrs Lake,3750000000.0,3750.0,30000000.0,30.0
102.0,2,True,True,True,Persian Gulf Martyrs Lake,4500000000.0,4500.0,44117647.058823526,44.11764705882353
145.0,4,True,True,True,Persian Gulf Martyrs Lake,5100000000.0,5100.0,35172413.79310345,35.17241379310345
100.0,2,True,True,True,Persian Gulf Martyrs Lake,1035000000.0,1035.0,10350000.0,10.35
116.0,2,True,True,True,Persian Gulf Martyrs Lake,4170000000.0,4170.0,35948275.862068966,35.94827586206897
105.0,2,True,True,True,Persian Gulf Martyrs Lake,3250000000.0,3250.0,30952380.95238095,30.952380952380953
111.0,3,True,True,True,Persian Gulf Martyrs Lake,3500000000.0,3500.0,31531531.53153153,31.53153153153153
110.0,3,True,True,True,Persian Gulf Martyrs Lake,3100000000.0,3100.0,28181818.181818184,28.181818181818183
110.0,3,True,True,True,Persian Gulf Martyrs Lake,3100000000.0,3100.0,28181818.181818184,28.181818181818183
112.0,2,True,False,True,Persian Gulf Martyrs Lake,3300000000.0,3300.0,29464285.714285713,29.46428571428571
105.0,2,True,True,True,Persian Gulf Martyrs Lake,2800000000.0,2800.0,26666666.666666668,26.666666666666668
121.0,3,True,True,True,Persian Gulf Martyrs Lake,3650000000.0,3650.0,30165289.256198347,30.165289256198346
105.0,2,True,True,True,Persian Gulf Martyrs Lake,3250000000.0,3250.0,30952380.95238095,30.952380952380953
108.0,2,True,True,True,Persian Gulf Martyrs Lake,3350000000.0,3350.0,31018518.51851852,31.01851851851852
90.0,2,True,True,True,Persian Gulf Martyrs Lake,2500000000.0,2500.0,27777777.777777776,27.777777777777775
148.0,3,True,True,True,Persian Gulf Martyrs Lake,5750000000.0,5750.0,38851351.35135135,38.85135135135135
114.0,2,True,True,True,Persian Gulf Martyrs Lake,3600000000.0,3600.0,31578947.36842105,31.57894736842105
107.0,2,True,True,True,Persian Gulf Martyrs Lake,3500000000.0,3500.0,32710280.373831775,32.71028037383177
113.0,2,True,True,True,Persian Gulf Martyrs Lake,3270000000.0,3270.0,28938053.097345132,28.938053097345133
115.0,2,True,True,True,Persian Gulf Martyrs Lake,3600000000.0,3600.0,31304347.826086957,31.304347826086957
82.0,2,True,True,True,Persian Gulf Martyrs Lake,2350000000.0,2350.0,28658536.585365854,28.658536585365855
136.0,3,True,True,True,Persian Gulf Martyrs Lake,4300000000.0,4300.0,31617647.05882353,31.61764705882353
140.0,3,True,True,True,Persian Gulf Martyrs Lake,4800000000.0,4800.0,34285714.28571428,34.285714285714285
120.0,3,True,True,True,Persian Gulf Martyrs Lake,1272000000.0,1272.0,10600000.0,10.6
120.0,3,True,True,True,Persian Gulf Martyrs Lake,1750000000.0,1750.0,14583333.333333334,14.583333333333334
90.0,2,True,True,True,Persian Gulf Martyrs Lake,1315000000.0,1315.0,14611111.111111112,14.611111111111112
69.0,1,False,True,True,Persian Gulf Martyrs Lake,2100000000.0,2100.0,30434782.608695652,30.434782608695652
101.0,2,True,True,True,Persian Gulf Martyrs Lake,3500000000.0,3500.0,34653465.346534654,34.65346534653465
110.0,2,True,True,True,Persian Gulf Martyrs Lake,3500000000.0,3500.0,31818181.818181816,31.818181818181817
114.0,2,True,True,True,Persian Gulf Martyrs Lake,3690000000.0,3690.0,32368421.05263158,32.36842105263158
113.0,2,True,True,True,Persian Gulf Martyrs Lake,3800000000.0,3800.0,33628318.584070794,33.6283185840708
123.0,2,True,True,True,Persian Gulf Martyrs Lake,360000000.0,360.0,2926829.2682926827,2.926829268292683
108.0,2,True,True,True,Persian Gulf Martyrs Lake,3024000000.0,3024.0,28000000.0,28.0
120.0,3,True,True,True,Persian Gulf Martyrs Lake,590000000.0,590.0,4916666.666666667,4.916666666666667
106.0,2,True,True,True,Persian Gulf Martyrs Lake,2960000000.0,2960.0,27924528.301886793,27.92452830188679
161.0,3,True,True,True,Persian Gulf Martyrs Lake,6400000000.0,6400.0,39751552.795031056,39.75155279503105
136.0,3,True,True,True,Persian Gulf Martyrs Lake,1360000000.0,1360.0,10000000.0,10.0
141.0,3,True,True,True,Persian Gulf Martyrs Lake,3810000000.0,3810.0,27021276.59574468,27.02127659574468
140.0,3,True,True,True,Persian Gulf Martyrs Lake,1790000000.0,1790.0,12785714.285714285,12.785714285714285
120.0,2,True,True,True,Persian Gulf Martyrs Lake,1530000000.0,1530.0,12750000.0,12.75
108.0,2,True,True,True,Persian Gulf Martyrs Lake,3024000000.0,3024.0,28000000.0,28.0
88.0,2,True,True,True,Persian Gulf Martyrs Lake,2850000000.0,2850.0,32386363.636363637,32.38636363636364
79.0,2,True,True,True,Persian Gulf Martyrs Lake,2500000000.0,2500.0,31645569.620253164,31.645569620253163
73.0,2,True,True,True,Persian Gulf Martyrs Lake,2200000000.0,2200.0,30136986.301369864,30.136986301369866
100.0,2,True,True,True,Persian Gulf Martyrs Lake,435000000.0,435.0,4350000.0,4.35
110.0,3,True,True,True,Persian Gulf Martyrs Lake,3150000000.0,3150.0,28636363.636363637,28.636363636363637
68.0,1,True,True,True,Persian Gulf Martyrs Lake,2100000000.0,2100.0,30882352.94117647,30.88235294117647
78.0,1,True,True,True,Persian Gulf Martyrs Lake,2450000000.0,2450.0,31410256.410256412,31.410256410256412
105.0,2,True,True,True,Persian Gulf Martyrs Lake,3250000000.0,3250.0,30952380.95238095,30.952380952380953
112.0,2,True,True,True,Persian Gulf Martyrs Lake,3300000000.0,3300.0,29464285.714285713,29.46428571428571
100.0,2,True,True,True,Persian Gulf Martyrs Lake,1060000000.0,1060.0,10600000.0,10.6
111.0,3,True,True,True,Persian Gulf Martyrs Lake,3150000000.0,3150.0,28378378.37837838,28.37837837837838
130.0,3,True,True,True,Persian Gulf Martyrs Lake,4150000000.0,4150.0,31923076.923076924,31.923076923076923
113.0,2,True,True,True,Persian Gulf Martyrs Lake,3170000000.0,3170.0,28053097.345132742,28.05309734513274
105.0,2,True,True,True,Persian Gulf Martyrs Lake,2700000000.0,2700.0,25714285.714285713,25.71428571428571
101.0,2,True,True,True,Persian Gulf Martyrs Lake,5252000000.0,5252.0,52000000.0,52.0
140.0,3,True,True,True,Persian Gulf Martyrs Lake,3800000000.0,3800.0,27142857.14285714,27.142857142857142
108.0,2,True,True,True,Persian Gulf Martyrs Lake,3500000000.0,3500.0,32407407.407407407,32.407407407407405
150.0,3,True,True,True,Persian Gulf Martyrs Lake,765000000.0,765.0,5100000.0,5.1
120.0,3,True,True,True,Persian Gulf Martyrs Lake,1750000000.0,1750.0,14583333.333333334,14.583333333333334
93.0,2,True,True,True,Persian Gulf Martyrs Lake,2300000000.0,2300.0,24731182.795698926,24.731182795698924
104.0,2,True,True,True,Persian Gulf Martyrs Lake,3500000000.0,3500.0,33653846.15384615,33.65384615384615
80.0,2,True,True,True,Persian Gulf Martyrs Lake,750000000.0,750.0,9375000.0,9.375
120.0,3,True,True,True,Persian Gulf Martyrs Lake,295000000.0,295.0,2458333.3333333335,2.4583333333333335
90.0,2,True,True,True,Persian Gulf Martyrs Lake,290000000.0,290.0,3222222.222222222,3.222222222222222
130.0,3,True,True,True,Persian Gulf Martyrs Lake,865000000.0,865.0,6653846.153846154,6.653846153846154
114.0,2,True,True,True,Persian Gulf Martyrs Lake,4000000000.0,4000.0,35087719.298245616,35.08771929824562
64.0,2,False,True,False,Pirouzi,1450000000.0,1450.0,22656250.0,22.65625
42.0,1,False,True,False,Pirouzi,1390000000.0,1390.0,33095238.095238097,33.095238095238095
123.0,2,True,True,True,Pirouzi,4059000000.0,4059.0,33000000.0,33.0
40.0,1,True,True,False,Pirouzi,1300000000.0,1300.0,32500000.0,32.5
120.0,3,True,False,True,Pirouzi,3700000000.0,3700.0,30833333.333333332,30.833333333333332
65.0,1,True,True,False,Pirouzi,1750000000.0,1750.0,26923076.923076924,26.923076923076923
124.0,3,True,True,True,Pirouzi,3968000000.0,3968.0,32000000.0,32.0
123.0,2,True,True,True,Pirouzi,4059000000.0,4059.0,33000000.0,33.0
69.0,2,True,True,True,Pirouzi,1800000000.0,1800.0,26086956.52173913,26.08695652173913
66.0,1,True,False,True,Pirouzi,1850000000.0,1850.0,28030303.03030303,28.03030303030303
44.0,1,True,True,False,Pirouzi,880000000.0,880.0,20000000.0,20.0
68.0,1,True,True,True,Pirouzi,2450000000.0,2450.0,36029411.76470588,36.029411764705884
101.0,2,True,False,True,Pirouzi,3130000000.0,3130.0,30990099.00990099,30.99009900990099
100.0,2,True,True,True,Pirouzi,3000000000.0,3000.0,30000000.0,30.0
50.0,1,False,True,False,Pirouzi,1260000000.0,1260.0,25200000.0,25.2
51.0,1,False,True,True,Pirouzi,1300000000.0,1300.0,25490196.07843137,25.49019607843137
51.0,1,False,True,True,Pirouzi,1275000000.0,1275.0,25000000.0,25.0
50.0,1,True,True,True,Pirouzi,1200000000.0,1200.0,24000000.0,24.0
68.0,2,True,True,False,Pirouzi,1550000000.0,1550.0,22794117.647058822,22.794117647058822
60.0,1,True,True,True,Pirouzi,1380000000.0,1380.0,23000000.0,23.0
38.0,1,True,True,False,Pirouzi,850000000.0,850.0,22368421.05263158,22.36842105263158
92.0,2,True,False,True,Pirouzi,2760000000.0,2760.0,30000000.0,30.0
73.0,2,True,True,True,Pirouzi,2555000000.0,2555.0,35000000.0,35.0
73.0,2,False,False,True,Pirouzi,1970000000.0,1970.0,26986301.369863015,26.986301369863014
114.0,2,True,True,True,Pirouzi,3762000000.0,3762.0,33000000.0,33.0
125.0,3,True,True,True,Pirouzi,4000000000.0,4000.0,32000000.0,32.0
44.0,1,False,True,False,Pirouzi,790000000.0,790.0,17954545.454545453,17.954545454545453
68.0,2,False,True,False,Pirouzi,1380000000.0,1380.0,20294117.647058822,20.294117647058822
60.0,2,False,True,True,Pirouzi,1500000000.0,1500.0,25000000.0,25.0
69.0,2,True,True,True,Pirouzi,1800000000.0,1800.0,26086956.52173913,26.08695652173913
67.0,2,False,True,True,Pirouzi,2000000000.0,2000.0,29850746.268656716,29.850746268656717
62.0,1,False,True,True,Pirouzi,1380000000.0,1380.0,22258064.51612903,22.258064516129032
55.0,1,True,True,True,Pirouzi,1750000000.0,1750.0,31818181.818181816,31.818181818181817
88.0,2,True,True,True,Pirouzi,2450000000.0,2450.0,27840909.09090909,27.84090909090909
84.0,2,True,True,True,Pirouzi,2688000000.0,2688.0,32000000.0,32.0
60.0,2,True,True,False,Pirouzi,1450000000.0,1450.0,24166666.666666668,24.166666666666668
100.0,2,True,True,True,Pirouzi,2600000000.0,2600.0,26000000.0,26.0
100.0,2,True,True,True,Pirouzi,4000000000.0,4000.0,40000000.0,40.0
86.0,2,True,False,True,Pirouzi,2050000000.0,2050.0,23837209.30232558,23.83720930232558
70.0,2,False,True,False,Pirouzi,1550000000.0,1550.0,22142857.14285714,22.142857142857142
145.0,3,True,True,True,Pirouzi,3900000000.0,3900.0,26896551.724137932,26.896551724137932
65.0,2,True,True,False,Pirouzi,1650000000.0,1650.0,25384615.384615384,25.384615384615383
101.0,2,True,False,True,Pirouzi,3300000000.0,3300.0,32673267.326732673,32.67326732673267
59.0,1,True,False,True,Pirouzi,1600000000.0,1600.0,27118644.06779661,27.11864406779661
90.0,2,True,True,True,Pirouzi,2650000000.0,2650.0,29444444.444444444,29.444444444444443
84.0,2,True,True,True,Pirouzi,2250000000.0,2250.0,26785714.285714287,26.78571428571429
40.0,1,False,True,False,Pirouzi,870000000.0,870.0,21750000.0,21.75
42.0,1,False,True,False,Pirouzi,960000000.0,960.0,22857142.85714286,22.857142857142858
40.0,1,True,True,False,Pirouzi,1380000000.0,1380.0,34500000.0,34.5
75.0,2,True,True,True,Pirouzi,1750000000.0,1750.0,23333333.333333332,23.333333333333332
128.0,3,True,True,True,Pirouzi,4350000000.0,4350.0,33984375.0,33.984375
55.0,1,False,True,False,Pirouzi,1600000000.0,1600.0,29090909.09090909,29.09090909090909
90.0,2,True,True,False,Pirouzi,1700000000.0,1700.0,18888888.888888888,18.88888888888889
45.0,1,False,True,True,Pirouzi,1250000000.0,1250.0,27777777.777777776,27.777777777777775
63.0,1,True,False,True,Pirouzi,2153000000.0,2153.0,34174603.17460317,34.17460317460317
74.0,2,False,True,False,Pirouzi,1600000000.0,1600.0,21621621.62162162,21.62162162162162
52.0,1,False,True,False,Pirouzi,1250000000.0,1250.0,24038461.53846154,24.03846153846154
74.0,2,True,True,True,Pirouzi,2200000000.0,2200.0,29729729.72972973,29.72972972972973
72.0,2,False,False,False,Pirouzi,2376000000.0,2376.0,33000000.0,33.0
50.0,1,False,True,False,Pirouzi,1100000000.0,1100.0,22000000.0,22.0
80.0,1,False,False,False,Pishva,380000000.0,380.0,4750000.0,4.75
72.0,2,False,False,False,Pishva,300000000.0,300.0,4166666.6666666665,4.166666666666666
61.0,1,True,True,False,Punak,2030000000.0,2030.0,33278688.524590164,33.278688524590166
61.0,1,True,True,False,Punak,2030000000.0,2030.0,33278688.524590164,33.278688524590166
67.0,2,True,True,True,Punak,2800000000.0,2800.0,41791044.7761194,41.791044776119406
72.0,2,True,True,False,Punak,2200000000.0,2200.0,30555555.555555556,30.555555555555557
63.0,1,True,True,False,Punak,2200000000.0,2200.0,34920634.92063492,34.92063492063492
75.0,2,True,True,False,Punak,2200000000.0,2200.0,29333333.333333332,29.333333333333332
63.0,1,True,True,True,Punak,2150000000.0,2150.0,34126984.12698413,34.12698412698413
63.0,1,True,True,True,Punak,2150000000.0,2150.0,34126984.12698413,34.12698412698413
67.0,1,True,True,True,Punak,2300000000.0,2300.0,34328358.20895522,34.32835820895522
71.0,2,True,True,True,Punak,2800000000.0,2800.0,39436619.71830986,39.436619718309856
70.0,2,True,True,True,Punak,3500000000.0,3500.0,50000000.0,50.0
90.0,2,True,True,True,Punak,3050000000.0,3050.0,33888888.88888889,33.888888888888886
60.0,1,True,True,True,Punak,1750000000.0,1750.0,29166666.666666668,29.166666666666668
100.0,2,True,True,True,Punak,6000000000.0,6000.0,60000000.0,60.0
128.0,3,True,True,True,Punak,5700000000.0,5700.0,44531250.0,44.53125
115.0,3,True,True,True,Punak,4500000000.0,4500.0,39130434.782608695,39.130434782608695
113.0,2,True,True,True,Punak,4300000000.0,4300.0,38053097.345132746,38.05309734513275
85.0,2,True,True,True,Punak,3380000000.0,3380.0,39764705.88235294,39.76470588235294
63.0,1,True,False,False,Punak,2200000000.0,2200.0,34920634.92063492,34.92063492063492
130.0,3,True,True,True,Punak,6240000000.0,6240.0,48000000.0,48.0
91.0,2,True,True,True,Punak,3350000000.0,3350.0,36813186.81318682,36.81318681318682
65.0,1,True,True,True,Punak,2900000000.0,2900.0,44615384.615384616,44.61538461538461
86.0,2,True,True,True,Punak,3700000000.0,3700.0,43023255.81395349,43.02325581395349
74.0,1,True,True,True,Punak,3250000000.0,3250.0,43918918.91891892,43.91891891891892
82.0,2,True,True,True,Punak,4018000000.0,4018.0,49000000.0,49.0
91.0,2,True,True,True,Punak,3230000000.0,3230.0,35494505.494505495,35.494505494505496
58.0,1,True,True,True,Punak,2650000000.0,2650.0,45689655.172413796,45.689655172413794
90.0,2,True,True,True,Punak,4200000000.0,4200.0,46666666.666666664,46.666666666666664
48.0,1,True,True,True,Punak,2250000000.0,2250.0,46875000.0,46.875
70.0,2,True,True,True,Punak,2800000000.0,2800.0,40000000.0,40.0
86.0,2,True,True,True,Punak,4200000000.0,4200.0,48837209.302325584,48.83720930232558
65.0,2,True,True,True,Punak,2350000000.0,2350.0,36153846.15384615,36.15384615384615
95.0,2,True,True,True,Punak,4200000000.0,4200.0,44210526.315789476,44.21052631578947
58.0,1,True,True,False,Punak,1900000000.0,1900.0,32758620.689655174,32.758620689655174
66.0,1,True,True,True,Punak,3300000000.0,3300.0,50000000.0,50.0
113.0,2,True,True,True,Punak,6500000000.0,6500.0,57522123.89380531,57.52212389380531
97.0,2,True,True,True,Punak,4700000000.0,4700.0,48453608.24742268,48.45360824742268
78.0,2,True,True,False,Punak,2730000000.0,2730.0,35000000.0,35.0
57.0,1,True,True,True,Punak,2000000000.0,2000.0,35087719.298245616,35.08771929824562
125.0,3,True,True,True,Punak,6300000000.0,6300.0,50400000.0,50.4
62.0,2,True,True,True,Punak,2100000000.0,2100.0,33870967.741935484,33.87096774193549
115.0,3,True,True,True,Punak,5000000000.0,5000.0,43478260.86956522,43.47826086956522
140.0,3,True,True,True,Punak,6200000000.0,6200.0,44285714.28571428,44.285714285714285
70.0,2,True,True,True,Punak,2580000000.0,2580.0,36857142.85714286,36.85714285714286
125.0,3,True,True,True,Punak,6300000000.0,6300.0,50400000.0,50.4
66.0,2,True,True,False,Punak,2250000000.0,2250.0,34090909.09090909,34.09090909090909
49.0,1,False,False,True,Punak,2300000000.0,2300.0,46938775.510204084,46.93877551020408
75.0,2,True,True,True,Punak,3750000000.0,3750.0,50000000.0,50.0
63.0,1,True,True,True,Punak,3500000000.0,3500.0,55555555.55555555,55.55555555555555
56.0,1,True,True,True,Punak,1950000000.0,1950.0,34821428.571428575,34.82142857142858
54.0,1,False,True,True,Punak,2000000000.0,2000.0,37037037.03703704,37.03703703703704
54.0,1,False,True,True,Punak,2000000000.0,2000.0,37037037.03703704,37.03703703703704
115.0,3,True,True,True,Punak,6670000000.0,6670.0,58000000.0,58.0
97.0,2,True,True,True,Punak,4700000000.0,4700.0,48453608.24742268,48.45360824742268
65.0,1,True,True,False,Punak,2250000000.0,2250.0,34615384.615384616,34.61538461538461
90.0,2,True,True,True,Punak,3500000000.0,3500.0,38888888.88888889,38.888888888888886
70.0,2,True,True,False,Punak,2280000000.0,2280.0,32571428.57142857,32.57142857142857
75.0,2,True,True,True,Punak,2700000000.0,2700.0,36000000.0,36.0
110.0,2,True,True,True,Punak,6490000000.0,6490.0,59000000.0,59.0
120.0,3,True,True,True,Punak,6660000000.0,6660.0,55500000.0,55.5
85.0,2,True,True,True,Punak,3300000000.0,3300.0,38823529.4117647,38.8235294117647
75.0,2,True,True,True,Punak,2980000000.0,2980.0,39733333.333333336,39.733333333333334
100.0,2,True,True,True,Punak,5650000000.0,5650.0,56500000.0,56.5
56.0,1,True,True,True,Punak,2850000000.0,2850.0,50892857.14285714,50.89285714285714
82.0,2,True,True,True,Punak,2900000000.0,2900.0,35365853.65853658,35.36585365853659
76.0,2,True,False,True,Punak,4250000000.0,4250.0,55921052.631578945,55.921052631578945
79.0,2,True,True,True,Punak,3250000000.0,3250.0,41139240.50632911,41.13924050632911
71.0,2,True,True,True,Punak,2700000000.0,2700.0,38028169.01408451,38.02816901408451
73.0,2,True,True,True,Punak,3550000000.0,3550.0,48630136.98630137,48.63013698630137
60.0,2,True,True,True,Punak,2050000000.0,2050.0,34166666.666666664,34.166666666666664
99.0,2,True,True,True,Punak,4200000000.0,4200.0,42424242.42424242,42.42424242424242
113.0,2,True,True,True,Punak,5100000000.0,5100.0,45132743.36283186,45.13274336283186
100.0,2,True,True,True,Punak,4300000000.0,4300.0,43000000.0,43.0
70.0,2,True,True,True,Punak,2700000000.0,2700.0,38571428.571428575,38.57142857142858
88.0,2,True,True,True,Punak,2980000000.0,2980.0,33863636.36363637,33.86363636363637
49.0,1,True,True,True,Punak,2694000000.0,2694.0,54979591.8367347,54.9795918367347
95.0,2,True,True,False,Punak,3900000000.0,3900.0,41052631.578947365,41.05263157894736
90.0,2,True,True,True,Punak,4680000000.0,4680.0,52000000.0,52.0
90.0,2,True,True,True,Punak,3520000000.0,3520.0,39111111.11111111,39.111111111111114
50.0,1,True,True,True,Punak,2500000000.0,2500.0,50000000.0,50.0
55.0,1,True,True,True,Punak,2300000000.0,2300.0,41818181.81818182,41.81818181818182
47.0,1,True,True,True,Punak,2100000000.0,2100.0,44680851.06382979,44.680851063829785
65.0,2,True,True,False,Punak,2250000000.0,2250.0,34615384.615384616,34.61538461538461
86.0,2,True,True,True,Punak,4250000000.0,4250.0,49418604.65116279,49.41860465116279
70.0,1,True,True,True,Punak,3100000000.0,3100.0,44285714.28571428,44.285714285714285
68.0,2,True,True,False,Punak,2230000000.0,2230.0,32794117.647058822,32.79411764705882
67.0,2,True,True,True,Punak,2600000000.0,2600.0,38805970.14925373,38.80597014925373
85.0,2,True,True,False,Punak,2800000000.0,2800.0,32941176.470588237,32.94117647058824
125.0,2,True,True,True,Punak,6000000000.0,6000.0,48000000.0,48.0
110.0,2,True,True,True,Punak,3900000000.0,3900.0,35454545.45454545,35.45454545454545
96.0,2,True,True,True,Punak,4150000000.0,4150.0,43229166.666666664,43.229166666666664
115.0,2,True,True,True,Punak,5405000000.0,5405.0,47000000.0,47.0
62.0,2,True,True,False,Punak,2200000000.0,2200.0,35483870.96774194,35.483870967741936
120.0,2,True,True,True,Punak,6000000000.0,6000.0,50000000.0,50.0
92.0,2,True,True,True,Punak,3870000000.0,3870.0,42065217.39130435,42.06521739130435
54.0,1,False,True,True,Punak,2000000000.0,2000.0,37037037.03703704,37.03703703703704
85.0,2,True,True,True,Punak,4500000000.0,4500.0,52941176.47058824,52.94117647058824
67.0,2,True,True,False,Punak,2280000000.0,2280.0,34029850.74626866,34.02985074626866
70.0,2,True,True,True,Punak,3500000000.0,3500.0,50000000.0,50.0
95.0,2,True,True,True,Punak,4200000000.0,4200.0,44210526.315789476,44.21052631578947
75.0,2,True,True,True,Punak,2300000000.0,2300.0,30666666.666666668,30.666666666666668
66.0,2,True,True,False,Punak,2650000000.0,2650.0,40151515.15151515,40.15151515151515
70.0,2,True,True,False,Punak,2680000000.0,2680.0,38285714.28571428,38.285714285714285
66.0,2,True,True,False,Punak,2460000000.0,2460.0,37272727.27272727,37.27272727272727
80.0,2,True,True,False,Punak,2800000000.0,2800.0,35000000.0,35.0
92.0,2,True,True,True,Punak,4000000000.0,4000.0,43478260.86956522,43.47826086956522
80.0,2,True,True,True,Punak,3000000000.0,3000.0,37500000.0,37.5
66.0,2,True,True,True,Punak,2950000000.0,2950.0,44696969.696969695,44.696969696969695
72.0,2,True,True,True,Punak,3200000000.0,3200.0,44444444.44444445,44.44444444444445
78.0,2,True,True,False,Punak,3100000000.0,3100.0,39743589.743589744,39.743589743589745
80.0,2,True,True,True,Punak,3760000000.0,3760.0,47000000.0,47.0
97.0,2,True,True,True,Punak,4700000000.0,4700.0,48453608.24742268,48.45360824742268
85.0,2,True,True,True,Punak,3400000000.0,3400.0,40000000.0,40.0
62.0,2,True,True,True,Punak,1750000000.0,1750.0,28225806.451612905,28.225806451612904
72.0,2,True,True,True,Punak,2300000000.0,2300.0,31944444.444444444,31.944444444444443
60.0,1,True,True,False,Punak,2000000000.0,2000.0,33333333.333333332,33.33333333333333
60.0,1,True,True,True,Punak,2750000000.0,2750.0,45833333.333333336,45.833333333333336
62.0,2,True,True,False,Punak,2250000000.0,2250.0,36290322.58064516,36.29032258064516
62.0,2,True,True,False,Punak,2100000000.0,2100.0,33870967.741935484,33.87096774193549
54.0,1,True,True,True,Punak,2820000000.0,2820.0,52222222.222222224,52.22222222222222
70.0,2,True,True,False,Punak,2170000000.0,2170.0,31000000.0,31.0
60.0,1,True,True,False,Punak,2700000000.0,2700.0,45000000.0,45.0
64.0,2,True,True,True,Punak,2240000000.0,2240.0,35000000.0,35.0
92.0,2,True,True,True,Punak,4100000000.0,4100.0,44565217.39130435,44.56521739130435
65.0,1,True,True,True,Punak,2340000000.0,2340.0,36000000.0,36.0
58.0,1,True,True,True,Punak,2350000000.0,2350.0,40517241.37931035,40.51724137931035
89.0,2,True,True,True,Punak,3000000000.0,3000.0,33707865.16853932,33.70786516853932
80.0,2,True,True,True,Punak,2800000000.0,2800.0,35000000.0,35.0
67.0,1,True,True,False,Punak,2150000000.0,2150.0,32089552.23880597,32.08955223880597
62.0,2,True,True,True,Punak,2200000000.0,2200.0,35483870.96774194,35.483870967741936
62.0,2,False,True,False,Punak,2300000000.0,2300.0,37096774.19354839,37.09677419354839
68.0,2,False,True,True,Punak,2050000000.0,2050.0,30147058.82352941,30.14705882352941
63.0,2,True,True,False,Punak,1880000000.0,1880.0,29841269.84126984,29.84126984126984
55.0,1,True,True,True,Punak,2750000000.0,2750.0,50000000.0,50.0
62.0,2,False,True,False,Punak,2300000000.0,2300.0,37096774.19354839,37.09677419354839
70.0,2,True,True,False,Punak,2300000000.0,2300.0,32857142.85714286,32.85714285714286
70.0,2,True,True,True,Punak,2800000000.0,2800.0,40000000.0,40.0
82.0,2,True,True,True,Punak,3300000000.0,3300.0,40243902.43902439,40.24390243902439
68.0,2,True,True,True,Punak,2150000000.0,2150.0,31617647.05882353,31.61764705882353
65.0,2,False,True,False,Punak,1900000000.0,1900.0,29230769.230769232,29.230769230769234
63.0,1,True,True,True,Punak,2200000000.0,2200.0,34920634.92063492,34.92063492063492
52.0,1,True,True,True,Punak,2360000000.0,2360.0,45384615.384615384,45.38461538461539
70.0,1,True,True,True,Punak,3500000000.0,3500.0,50000000.0,50.0
80.0,2,True,True,True,Punak,3760000000.0,3760.0,47000000.0,47.0
55.0,1,True,True,True,Punak,2300000000.0,2300.0,41818181.81818182,41.81818181818182
166.0,3,True,True,True,Qalandari,12500000000.0,12500.0,75301204.81927711,75.3012048192771
145.0,3,True,True,True,Qalandari,13000000000.0,13000.0,89655172.4137931,89.6551724137931
135.0,3,True,True,True,Qalandari,7500000000.0,7500.0,55555555.55555555,55.55555555555555
80.0,2,True,False,True,Qalandari,4700000000.0,4700.0,58750000.0,58.75
95.0,2,True,True,True,Qalandari,6250000000.0,6250.0,65789473.684210524,65.78947368421052
85.0,2,True,True,True,Qalandari,4500000000.0,4500.0,52941176.47058824,52.94117647058824
110.0,2,True,True,True,Qalandari,8100000000.0,8100.0,73636363.63636364,73.63636363636364
90.0,2,True,True,True,Qalandari,6560000000.0,6560.0,72888888.8888889,72.8888888888889
130.0,2,True,True,True,Qalandari,8500000000.0,8500.0,65384615.384615384,65.38461538461539
66.0,2,True,True,True,Qalandari,4250000000.0,4250.0,64393939.39393939,64.39393939393939
100.0,2,True,True,False,Qarchak,1200000000.0,1200.0,12000000.0,12.0
160.0,1,False,False,False,Qarchak,3600000.0,3.6,22500.0,0.0225
50.0,1,False,False,True,Qarchak,380000000.0,380.0,7600000.0,7.6
95.0,2,True,True,True,Qarchak,1450000000.0,1450.0,15263157.894736841,15.26315789473684
66.0,1,False,True,False,Qarchak,600000000.0,600.0,9090909.090909092,9.090909090909092
78.0,2,True,True,True,Qasr-od-Dasht,2000000000.0,2000.0,25641025.64102564,25.64102564102564
62.0,1,False,True,False,Qasr-od-Dasht,950000000.0,950.0,15322580.64516129,15.32258064516129
62.0,1,False,True,False,Qasr-od-Dasht,1100000000.0,1100.0,17741935.48387097,17.741935483870968
45.0,1,True,True,True,Qasr-od-Dasht,1300000000.0,1300.0,28888888.888888888,28.88888888888889
57.0,1,True,True,True,Qasr-od-Dasht,1200000000.0,1200.0,21052631.57894737,21.05263157894737
65.0,2,True,False,True,Qasr-od-Dasht,2050000000.0,2050.0,31538461.53846154,31.53846153846154
50.0,1,False,True,False,Qasr-od-Dasht,810000000.0,810.0,16200000.0,16.2
72.0,2,True,True,False,Qasr-od-Dasht,1615000000.0,1615.0,22430555.555555556,22.430555555555557
40.0,1,False,True,False,Qasr-od-Dasht,720000000.0,720.0,18000000.0,18.0
63.0,2,False,True,False,Qasr-od-Dasht,1260000000.0,1260.0,20000000.0,20.0
44.0,1,False,True,False,Qasr-od-Dasht,770000000.0,770.0,17500000.0,17.5
61.0,1,False,True,False,Qasr-od-Dasht,838000000.0,838.0,13737704.918032788,13.737704918032788
65.0,2,True,True,False,Qasr-od-Dasht,1280000000.0,1280.0,19692307.692307692,19.692307692307693
62.0,1,False,False,False,Qasr-od-Dasht,1860000000.0,1860.0,30000000.0,30.0
60.0,2,False,True,True,Qasr-od-Dasht,1850000000.0,1850.0,30833333.333333332,30.833333333333332
47.0,1,False,True,False,Qasr-od-Dasht,870000000.0,870.0,18510638.297872342,18.510638297872344
58.0,2,False,True,True,Qasr-od-Dasht,1270000000.0,1270.0,21896551.724137932,21.896551724137932
60.0,1,True,True,True,Qasr-od-Dasht,1985000000.0,1985.0,33083333.333333332,33.08333333333333
59.0,1,True,True,True,Qasr-od-Dasht,1150000000.0,1150.0,19491525.423728812,19.491525423728813
35.0,1,True,True,False,Qasr-od-Dasht,990000000.0,990.0,28285714.285714287,28.28571428571429
47.0,1,False,True,False,Qasr-od-Dasht,800000000.0,800.0,17021276.59574468,17.02127659574468
40.0,1,False,True,False,Qasr-od-Dasht,790000000.0,790.0,19750000.0,19.75
44.0,1,False,True,False,Qasr-od-Dasht,1000000000.0,1000.0,22727272.727272727,22.727272727272727
80.0,2,True,True,True,Qasr-od-Dasht,1800000000.0,1800.0,22500000.0,22.5
83.0,2,True,True,True,Qazvin Imamzadeh Hassan,1450000000.0,1450.0,17469879.51807229,17.46987951807229
88.0,2,True,True,True,Qazvin Imamzadeh Hassan,1550000000.0,1550.0,17613636.363636363,17.613636363636363
85.0,2,True,True,True,Qazvin Imamzadeh Hassan,1507000000.0,1507.0,17729411.76470588,17.72941176470588
75.0,2,True,True,True,Qazvin Imamzadeh Hassan,1275000000.0,1275.0,17000000.0,17.0
72.0,2,True,True,True,Qazvin Imamzadeh Hassan,1206000000.0,1206.0,16750000.0,16.75
81.0,2,True,True,True,Qazvin Imamzadeh Hassan,1420000000.0,1420.0,17530864.197530866,17.530864197530867
90.0,2,True,True,True,Qazvin Imamzadeh Hassan,1620000000.0,1620.0,18000000.0,18.0
94.0,2,True,True,True,Qazvin Imamzadeh Hassan,1712000000.0,1712.0,18212765.95744681,18.21276595744681
100.0,2,True,True,True,Qazvin Imamzadeh Hassan,1850000000.0,1850.0,18500000.0,18.5
101.0,2,True,True,True,Railway,3300000000.0,3300.0,32673267.326732673,32.67326732673267
88.0,2,True,True,True,Railway,2860000000.0,2860.0,32500000.0,32.5
144.0,2,True,True,True,Railway,6600000000.0,6600.0,45833333.333333336,45.833333333333336
102.0,2,True,True,False,Railway,4520000000.0,4520.0,44313725.49019608,44.31372549019608
105.0,2,True,True,True,Railway,5000000000.0,5000.0,47619047.61904762,47.61904761904762
90.0,2,True,True,True,Railway,1315000000.0,1315.0,14611111.111111112,14.611111111111112
88.0,2,True,True,True,Railway,2860000000.0,2860.0,32500000.0,32.5
130.0,3,True,True,True,Railway,5850000000.0,5850.0,45000000.0,45.0
131.0,3,True,True,True,Railway,5850000000.0,5850.0,44656488.54961832,44.65648854961832
60.0,1,True,True,True,Railway,870000000.0,870.0,14500000.0,14.5
120.0,2,True,True,True,Railway,1536000000.0,1536.0,12800000.0,12.8
110.0,2,True,True,True,Ray,2035000000.0,2035.0,18500000.0,18.5
87.0,2,False,False,True,Ray,1570000000.0,1570.0,18045977.011494253,18.04597701149425
83.0,2,True,True,True,Ray,1700000000.0,1700.0,20481927.710843373,20.481927710843372
95.0,2,True,False,True,Ray,2050000000.0,2050.0,21578947.36842105,21.57894736842105
90.0,2,True,True,True,Ray,1800000000.0,1800.0,20000000.0,20.0
63.0,1,True,True,True,Ray,1134000000.0,1134.0,18000000.0,18.0
51.0,1,True,False,True,Ray - Montazeri,1250000000.0,1250.0,24509803.92156863,24.50980392156863
45.0,1,True,False,True,Ray - Pilgosh,990000000.0,990.0,22000000.0,22.0
80.0,2,True,True,True,Razi,1390000000.0,1390.0,17375000.0,17.375
88.0,2,True,True,True,Razi,1574000000.0,1574.0,17886363.636363637,17.886363636363637
94.0,2,True,True,True,Razi,1712000000.0,1712.0,18212765.95744681,18.21276595744681
73.0,2,True,True,True,Razi,1230000000.0,1230.0,16849315.06849315,16.84931506849315
72.0,2,True,True,True,Razi,1206000000.0,1206.0,16750000.0,16.75
100.0,2,True,True,True,Razi,1850000000.0,1850.0,18500000.0,18.5
83.0,2,True,True,True,Republic,1909000000.0,1909.0,23000000.0,23.0
95.0,2,True,True,True,Republic,1450000000.0,1450.0,15263157.894736841,15.26315789473684
56.0,1,False,False,False,Republic,1900000000.0,1900.0,33928571.428571425,33.92857142857142
65.0,1,False,True,False,Republic,1400000000.0,1400.0,21538461.53846154,21.53846153846154
55.0,1,True,True,False,Robat Karim,305000000.0,305.0,5545454.545454546,5.545454545454546
64.0,1,True,True,True,Robat Karim,350000000.0,350.0,5468750.0,5.46875
93.0,2,True,True,True,Rudhen,1450000000.0,1450.0,15591397.849462366,15.591397849462366
133.0,3,True,True,True,Rudhen,2260000000.0,2260.0,16992481.20300752,16.992481203007518
132.0,2,True,True,True,Rudhen,2244000000.0,2244.0,17000000.0,17.0
113.0,2,True,True,True,Rudhen,1550000000.0,1550.0,13716814.159292035,13.716814159292035
75.0,2,True,True,True,Rudhen,1000000000.0,1000.0,13333333.333333334,13.333333333333334
80.0,2,True,True,False,Rudhen,750000000.0,750.0,9375000.0,9.375
117.0,2,False,True,True,Rudhen,1580000000.0,1580.0,13504273.504273504,13.504273504273504
105.0,2,True,True,False,Rudhen,1100000000.0,1100.0,10476190.476190476,10.476190476190476
136.0,3,True,True,True,Saadat Abad,11000000000.0,11000.0,80882352.94117647,80.88235294117648
105.0,2,True,True,True,Saadat Abad,7150000000.0,7150.0,68095238.09523809,68.09523809523809
58.0,1,True,True,True,Saadat Abad,3400000000.0,3400.0,58620689.655172415,58.62068965517241
55.0,1,True,True,True,Saadat Abad,3850000000.0,3850.0,70000000.0,70.0
151.0,3,True,True,True,Saadat Abad,10200000000.0,10200.0,67549668.87417218,67.54966887417218
151.0,3,True,True,True,Saadat Abad,10200000000.0,10200.0,67549668.87417218,67.54966887417218
113.0,2,True,True,True,Saadat Abad,7500000000.0,7500.0,66371681.415929206,66.3716814159292
122.0,2,True,True,True,Saadat Abad,5800000000.0,5800.0,47540983.60655738,47.540983606557376
154.0,3,True,True,True,Saadat Abad,12300000000.0,12300.0,79870129.87012987,79.87012987012987
86.0,2,True,True,True,Saadat Abad,6200000000.0,6200.0,72093023.25581396,72.09302325581396
96.0,2,True,True,True,Saadat Abad,4500000000.0,4500.0,46875000.0,46.875
120.0,2,True,True,False,Saadat Abad,11700000000.0,11700.0,97500000.0,97.5
140.0,3,True,True,True,Saadat Abad,10000000000.0,10000.0,71428571.42857143,71.42857142857143
90.0,2,True,True,True,Saadat Abad,6500000000.0,6500.0,72222222.22222222,72.22222222222223
95.0,2,True,True,True,Saadat Abad,4550000000.0,4550.0,47894736.84210526,47.89473684210526
148.0,3,True,True,True,Saadat Abad,14800000000.0,14800.0,100000000.0,100.0
200.0,3,True,True,True,Saadat Abad,12000000000.0,12000.0,60000000.0,60.0
67.0,1,True,True,True,Saadat Abad,3400000000.0,3400.0,50746268.65671642,50.746268656716424
91.0,2,True,True,True,Saadat Abad,5400000000.0,5400.0,59340659.34065934,59.34065934065934
84.0,2,True,True,True,Saadat Abad,4600000000.0,4600.0,54761904.76190476,54.76190476190476
105.0,2,True,True,True,Saadat Abad,5700000000.0,5700.0,54285714.28571428,54.285714285714285
105.0,2,True,True,True,Saadat Abad,7700000000.0,7700.0,73333333.33333333,73.33333333333333
125.0,3,True,True,True,Saadat Abad,12500000000.0,12500.0,100000000.0,100.0
64.0,2,True,True,True,Saadat Abad,3200000000.0,3200.0,50000000.0,50.0
111.0,2,True,True,True,Saadat Abad,6800000000.0,6800.0,61261261.26126126,61.26126126126126
65.0,1,True,True,False,Saadat Abad,3250000000.0,3250.0,50000000.0,50.0
150.0,3,True,True,True,Saadat Abad,12000000000.0,12000.0,80000000.0,80.0
103.0,2,True,True,True,Saadat Abad,5200000000.0,5200.0,50485436.893203884,50.48543689320388
135.0,3,True,True,True,Saadat Abad,11475000000.0,11475.0,85000000.0,85.0
95.0,2,True,True,True,Saadat Abad,5700000000.0,5700.0,60000000.0,60.0
140.0,2,True,True,True,Saadat Abad,8400000000.0,8400.0,60000000.0,60.0
70.0,2,True,True,True,Saadat Abad,3900000000.0,3900.0,55714285.71428572,55.714285714285715
73.0,2,True,True,True,Saadat Abad,3900000000.0,3900.0,53424657.53424658,53.42465753424658
111.0,2,True,True,True,Saadat Abad,5661000000.0,5661.0,51000000.0,51.0
200.0,4,True,True,True,Saadat Abad,15000000000.0,15000.0,75000000.0,75.0
210.0,4,True,True,True,Saadat Abad,15500000000.0,15500.0,73809523.8095238,73.80952380952381
76.0,2,True,True,True,Saadat Abad,4000000000.0,4000.0,52631578.94736842,52.63157894736842
103.0,2,True,True,True,Saadat Abad,5200000000.0,5200.0,50485436.893203884,50.48543689320388
135.0,3,True,False,True,Saadat Abad,8700000000.0,8700.0,64444444.44444445,64.44444444444444
140.0,3,True,True,True,Saadat Abad,9800000000.0,9800.0,70000000.0,70.0
131.0,2,True,True,True,Saadat Abad,7980000000.0,7980.0,60916030.53435115,60.91603053435115
122.0,2,True,True,True,Saadat Abad,7900000000.0,7900.0,64754098.36065574,64.75409836065575
60.0,1,True,True,True,Saadat Abad,3600000000.0,3600.0,60000000.0,60.0
110.0,2,True,True,True,Saadat Abad,8800000000.0,8800.0,80000000.0,80.0
145.0,3,True,True,True,Saadat Abad,11000000000.0,11000.0,75862068.96551724,75.86206896551724
70.0,2,True,True,True,Saadat Abad,4800000000.0,4800.0,68571428.57142857,68.57142857142857
130.0,3,True,True,True,Saadat Abad,8500000000.0,8500.0,65384615.384615384,65.38461538461539
95.0,2,True,True,True,Saadat Abad,5500000000.0,5500.0,57894736.84210526,57.89473684210526
60.0,1,True,True,True,Saadat Abad,3300000000.0,3300.0,55000000.0,55.0
120.0,2,True,True,True,Saadat Abad,8600000000.0,8600.0,71666666.66666667,71.66666666666667
160.0,3,True,True,True,Saadat Abad,13500000000.0,13500.0,84375000.0,84.375
110.0,3,True,True,True,Saadat Abad,5200000000.0,5200.0,47272727.27272727,47.27272727272727
101.0,2,True,True,True,Saadat Abad,5550000000.0,5550.0,54950495.04950495,54.95049504950495
95.0,2,True,True,True,Saadat Abad,6200000000.0,6200.0,65263157.89473684,65.26315789473684
103.0,2,True,True,True,Saadat Abad,5700000000.0,5700.0,55339805.82524272,55.33980582524272
114.0,3,True,True,True,Saadat Abad,6800000000.0,6800.0,59649122.80701754,59.64912280701754
120.0,2,True,True,True,Saadat Abad,7300000000.0,7300.0,60833333.333333336,60.833333333333336
130.0,3,True,True,True,Saadat Abad,10500000000.0,10500.0,80769230.76923077,80.76923076923077
55.0,1,True,True,True,Saadat Abad,4000000000.0,4000.0,72727272.72727273,72.72727272727273
146.0,3,True,True,True,Saadat Abad,10800000000.0,10800.0,73972602.73972602,73.97260273972603
148.0,3,True,True,True,Saadat Abad,12500000000.0,12500.0,84459459.45945945,84.45945945945945
143.0,3,True,True,True,Saadat Abad,11200000000.0,11200.0,78321678.32167833,78.32167832167832
150.0,3,True,True,True,Saadat Abad,14800000000.0,14800.0,98666666.66666667,98.66666666666667
148.0,3,True,True,True,Saadat Abad,12580000000.0,12580.0,85000000.0,85.0
182.0,3,True,True,True,Saadat Abad,11500000000.0,11500.0,63186813.18681318,63.18681318681318
75.0,2,True,True,True,Saadat Abad,5500000000.0,5500.0,73333333.33333333,73.33333333333333
105.0,2,True,True,True,Saadat Abad,4800000000.0,4800.0,45714285.71428572,45.714285714285715
102.0,2,True,True,True,Saadat Abad,6120000000.0,6120.0,60000000.0,60.0
180.0,3,True,True,True,Saadat Abad,14500000000.0,14500.0,80555555.55555555,80.55555555555556
138.0,3,True,True,True,Saadat Abad,9300000000.0,9300.0,67391304.3478261,67.3913043478261
200.0,3,True,True,True,Saadat Abad,16000000000.0,16000.0,80000000.0,80.0
70.0,1,False,True,False,Saadat Abad,3300000000.0,3300.0,47142857.14285714,47.14285714285714
210.0,3,True,True,True,Saadat Abad,16400000000.0,16400.0,78095238.09523809,78.09523809523809
110.0,2,True,True,True,Saadat Abad,8900000000.0,8900.0,80909090.9090909,80.9090909090909
101.0,2,True,True,True,Saadat Abad,5555000000.0,5555.0,55000000.0,55.0
165.0,3,True,True,True,Saadat Abad,10500000000.0,10500.0,63636363.63636363,63.63636363636363
135.0,2,True,True,True,Saadat Abad,8800000000.0,8800.0,65185185.18518519,65.18518518518519
130.0,3,True,True,True,Saadat Abad,9300000000.0,9300.0,71538461.53846154,71.53846153846153
83.0,2,True,False,True,Saadat Abad,4600000000.0,4600.0,55421686.746987954,55.42168674698795
60.0,1,True,True,True,Saadat Abad,4650000000.0,4650.0,77500000.0,77.5
120.0,2,True,True,True,Saadat Abad,6800000000.0,6800.0,56666666.666666664,56.666666666666664
150.0,3,True,True,True,Saadat Abad,9500000000.0,9500.0,63333333.333333336,63.333333333333336
106.0,2,True,True,True,Saadat Abad,6000000000.0,6000.0,56603773.58490566,56.60377358490566
180.0,3,True,True,True,Saadat Abad,13500000000.0,13500.0,75000000.0,75.0
180.0,3,True,True,True,Saadat Abad,13500000000.0,13500.0,75000000.0,75.0
152.0,3,True,True,True,Saadat Abad,9800000000.0,9800.0,64473684.21052632,64.47368421052632
100.0,2,True,True,True,Saadat Abad,6500000000.0,6500.0,65000000.0,65.0
93.0,2,True,True,True,Saadat Abad,5600000000.0,5600.0,60215053.76344086,60.215053763440864
100.0,2,True,True,True,Saadat Abad,7400000000.0,7400.0,74000000.0,74.0
122.0,3,True,True,True,Saadat Abad,8000000000.0,8000.0,65573770.49180328,65.57377049180329
105.0,2,True,True,True,Saadat Abad,5800000000.0,5800.0,55238095.23809524,55.23809523809524
100.0,2,True,True,True,Saadat Abad,6000000000.0,6000.0,60000000.0,60.0
147.0,3,True,True,True,Saadat Abad,9114000000.0,9114.0,62000000.0,62.0
115.0,2,True,True,True,Saadat Abad,6000000000.0,6000.0,52173913.04347826,52.17391304347826
95.0,2,False,True,True,Saadat Abad,9500000000.0,9500.0,100000000.0,100.0
75.0,2,True,False,True,Saadat Abad,3850000000.0,3850.0,51333333.333333336,51.333333333333336
65.0,1,False,False,True,Saadat Abad,3490000000.0,3490.0,53692307.692307696,53.69230769230769
72.0,2,True,True,True,Saadat Abad,4000000000.0,4000.0,55555555.55555555,55.55555555555555
102.0,2,True,True,True,Saadat Abad,5000000000.0,5000.0,49019607.84313726,49.01960784313726
120.0,2,True,True,True,Saadat Abad,6000000000.0,6000.0,50000000.0,50.0
65.0,1,True,True,True,Saadat Abad,3490000000.0,3490.0,53692307.692307696,53.69230769230769
88.0,2,True,True,True,Saadat Abad,5200000000.0,5200.0,59090909.09090909,59.09090909090909
135.0,3,True,True,True,Saadat Abad,7500000000.0,7500.0,55555555.55555555,55.55555555555555
93.0,2,True,True,True,Saadat Abad,4950000000.0,4950.0,53225806.451612905,53.225806451612904
115.0,2,True,True,True,Saadat Abad,6000000000.0,6000.0,52173913.04347826,52.17391304347826
140.0,3,True,True,True,Saadat Abad,8000000000.0,8000.0,57142857.14285714,57.14285714285714
135.0,3,True,True,True,Saadat Abad,9000000000.0,9000.0,66666666.666666664,66.66666666666666
108.0,2,True,True,True,Saadat Abad,8600000000.0,8600.0,79629629.62962963,79.62962962962963
136.0,3,True,True,True,Saadat Abad,11000000000.0,11000.0,80882352.94117647,80.88235294117648
100.0,2,True,True,True,Saadat Abad,4550000000.0,4550.0,45500000.0,45.5
93.0,2,True,True,True,Saadat Abad,3900000000.0,3900.0,41935483.87096774,41.93548387096774
135.0,3,True,True,True,Saadat Abad,7500000000.0,7500.0,55555555.55555555,55.55555555555555
65.0,1,False,False,True,Saadat Abad,3490000000.0,3490.0,53692307.692307696,53.69230769230769
100.0,2,True,True,True,Saadat Abad,4480000000.0,4480.0,44800000.0,44.8
90.0,2,True,True,True,Saadat Abad,5250000000.0,5250.0,58333333.333333336,58.333333333333336
135.0,2,True,True,False,SabaShahr,2200000000.0,2200.0,16296296.296296297,16.296296296296298
58.0,2,True,True,True,Sabalan,1200000000.0,1200.0,20689655.172413792,20.689655172413794
92.0,2,True,True,True,Sabalan,2300000000.0,2300.0,25000000.0,25.0
150.0,3,True,True,True,Sadeghieh,6000000000.0,6000.0,40000000.0,40.0
150.0,3,True,True,True,Sadeghieh,5400000000.0,5400.0,36000000.0,36.0
200.0,3,True,True,True,Sadeghieh,7000000000.0,7000.0,35000000.0,35.0
136.0,3,True,True,True,Sadeghieh,5150000000.0,5150.0,37867647.058823526,37.86764705882353
90.0,2,True,True,True,Sadeghieh,3300000000.0,3300.0,36666666.666666664,36.666666666666664
102.0,2,True,True,True,Safadasht,938400000.0,938.4,9200000.0,9.2
110.0,2,False,True,True,Salehabad,750000000.0,750.0,6818181.818181818,6.818181818181818
90.0,2,False,True,False,Salsabil,1500000000.0,1500.0,16666666.666666666,16.666666666666664
66.0,2,True,True,True,Salsabil,1725000000.0,1725.0,26136363.636363637,26.136363636363637
44.0,1,True,True,False,Salsabil,1050000000.0,1050.0,23863636.363636363,23.863636363636363
91.0,2,True,True,True,Salsabil,2093000000.0,2093.0,23000000.0,23.0
50.0,1,True,True,True,Salsabil,1500000000.0,1500.0,30000000.0,30.0
61.0,2,True,True,False,Salsabil,1100000000.0,1100.0,18032786.8852459,18.0327868852459
48.0,1,True,True,False,Salsabil,995000000.0,995.0,20729166.666666668,20.729166666666668
65.0,2,True,True,True,Salsabil,1750000000.0,1750.0,26923076.923076924,26.923076923076923
48.0,1,True,True,False,Salsabil,1048000000.0,1048.0,21833333.333333332,21.833333333333332
48.0,1,True,True,False,Salsabil,995000000.0,995.0,20729166.666666668,20.729166666666668
83.0,2,True,True,True,Salsabil,2300000000.0,2300.0,27710843.373493977,27.710843373493976
61.0,2,False,True,False,Salsabil,1040000000.0,1040.0,17049180.327868853,17.049180327868854
41.0,1,False,True,False,Salsabil,770000000.0,770.0,18780487.80487805,18.78048780487805
44.0,1,True,True,False,Salsabil,1050000000.0,1050.0,23863636.363636363,23.863636363636363
65.0,2,False,True,True,Salsabil,1220000000.0,1220.0,18769230.769230768,18.769230769230766
67.0,2,False,True,False,Salsabil,1215000000.0,1215.0,18134328.358208954,18.134328358208954
62.0,2,True,True,True,Salsabil,1350000000.0,1350.0,21774193.548387095,21.774193548387096
41.0,1,False,False,False,Salsabil,815000000.0,815.0,19878048.780487806,19.878048780487806
60.0,1,True,True,True,Salsabil,1530000000.0,1530.0,25500000.0,25.5
35.0,1,False,True,False,Salsabil,660000000.0,660.0,18857142.85714286,18.857142857142858
54.0,1,False,True,False,Salsabil,901000000.0,901.0,16685185.185185185,16.685185185185183
71.0,2,True,True,True,Salsabil,1750000000.0,1750.0,24647887.323943663,24.647887323943664
55.0,2,True,True,True,Salsabil,1349550000.0,1349.55,24537272.727272727,24.537272727272725
64.0,2,True,True,False,Salsabil,1100000000.0,1100.0,17187500.0,17.1875
50.0,1,False,True,False,Salsabil,640000000.0,640.0,12800000.0,12.8
51.0,1,True,True,True,Salsabil,1150000000.0,1150.0,22549019.60784314,22.54901960784314
57.0,1,True,True,False,Salsabil,870000000.0,870.0,15263157.894736841,15.26315789473684
60.0,1,False,True,False,Salsabil,1130000000.0,1130.0,18833333.333333332,18.833333333333332
52.0,1,True,True,False,Salsabil,1100000000.0,1100.0,21153846.153846152,21.153846153846153
51.0,1,False,True,False,Salsabil,870000000.0,870.0,17058823.529411763,17.058823529411764
39.0,1,False,False,False,Salsabil,760000000.0,760.0,19487179.487179488,19.48717948717949
75.0,2,True,True,True,Salsabil,2260000000.0,2260.0,30133333.333333332,30.133333333333333
70.0,1,False,True,False,Salsabil,1180000000.0,1180.0,16857142.85714286,16.857142857142858
57.0,2,True,True,True,Salsabil,1600000000.0,1600.0,28070175.43859649,28.07017543859649
39.0,1,False,True,False,Salsabil,800000000.0,800.0,20512820.512820512,20.51282051282051
72.0,2,True,True,True,Salsabil,1700000000.0,1700.0,23611111.111111112,23.61111111111111
57.0,2,False,False,False,Salsabil,1090000000.0,1090.0,19122807.01754386,19.12280701754386
71.0,2,True,True,False,Salsabil,1185000000.0,1185.0,16690140.845070422,16.69014084507042
85.0,2,True,True,True,Salsabil,2000000000.0,2000.0,23529411.76470588,23.52941176470588
55.0,1,True,True,False,Salsabil,1050000000.0,1050.0,19090909.09090909,19.09090909090909
41.0,2,False,False,False,Salsabil,790000000.0,790.0,19268292.68292683,19.26829268292683
69.0,2,False,True,False,Salsabil,1400000000.0,1400.0,20289855.07246377,20.28985507246377
51.0,1,False,True,False,Salsabil,850000000.0,850.0,16666666.666666666,16.666666666666664
40.0,1,False,True,False,Salsabil,750000000.0,750.0,18750000.0,18.75
55.0,1,False,True,False,Salsabil,1100000000.0,1100.0,20000000.0,20.0
72.0,2,False,True,False,Salsabil,1350000000.0,1350.0,18750000.0,18.75
40.0,2,False,False,False,Salsabil,830000000.0,830.0,20750000.0,20.75
35.0,1,True,True,False,Salsabil,780000000.0,780.0,22285714.285714287,22.28571428571429
47.0,1,True,True,False,Salsabil,1050000000.0,1050.0,22340425.531914894,22.340425531914892
60.0,2,True,True,True,Salsabil,1520000000.0,1520.0,25333333.333333332,25.333333333333332
57.0,2,False,True,False,Salsabil,1200000000.0,1200.0,21052631.57894737,21.05263157894737
40.0,1,False,True,False,Salsabil,630000000.0,630.0,15750000.0,15.75
84.0,2,True,True,True,Salsabil,1900000000.0,1900.0,22619047.61904762,22.61904761904762
58.0,1,False,True,False,Salsabil,715000000.0,715.0,12327586.206896551,12.327586206896552
114.0,3,True,True,True,Sattarkhan,5500000000.0,5500.0,48245614.03508772,48.24561403508772
114.0,3,True,True,True,Sattarkhan,5500000000.0,5500.0,48245614.03508772,48.24561403508772
82.0,2,True,True,True,Sattarkhan,4100000000.0,4100.0,50000000.0,50.0
84.0,2,False,True,False,Sattarkhan,2600000000.0,2600.0,30952380.95238095,30.952380952380953
97.0,2,True,True,True,Sattarkhan,3580000000.0,3580.0,36907216.49484536,36.90721649484536
118.0,3,True,True,True,Sattarkhan,4900000000.0,4900.0,41525423.72881356,41.52542372881356
124.0,3,True,True,True,Sattarkhan,3400000000.0,3400.0,27419354.83870968,27.41935483870968
78.0,2,True,True,False,Sattarkhan,2100000000.0,2100.0,26923076.923076924,26.923076923076923
78.0,2,True,True,False,Sattarkhan,2010000000.0,2010.0,25769230.769230768,25.769230769230766
102.0,2,True,True,True,Sattarkhan,650000000.0,650.0,6372549.019607843,6.372549019607843
120.0,3,True,True,True,Sattarkhan,5400000000.0,5400.0,45000000.0,45.0
114.0,2,True,True,True,Seyed Khandan,6840000000.0,6840.0,60000000.0,60.0
130.0,3,True,True,True,Seyed Khandan,8450000000.0,8450.0,65000000.0,65.0
135.0,2,False,False,False,Seyed Khandan,3800000000.0,3800.0,28148148.14814815,28.14814814814815
69.0,1,True,True,True,Shadabad,890000000.0,890.0,12898550.724637682,12.898550724637682
400.0,1,True,False,False,Shahedshahr,3000000000.0,3000.0,7500000.0,7.5
66.0,1,False,False,False,Shahedshahr,297000000.0,297.0,4500000.0,4.5
100.0,2,False,True,True,Shahedshahr,700000000.0,700.0,7000000.0,7.0
48.0,1,False,True,False,Shahedshahr,210000000.0,210.0,4375000.0,4.375
86.0,2,True,True,True,Shahedshahr,421000000.0,421.0,4895348.837209302,4.895348837209302
123.0,3,True,True,True,Shahr-e-Ziba,3700000000.0,3700.0,30081300.81300813,30.08130081300813
100.0,2,True,True,True,Shahr-e-Ziba,3000000000.0,3000.0,30000000.0,30.0
76.0,2,True,True,True,Shahr-e-Ziba,2200000000.0,2200.0,28947368.42105263,28.94736842105263
78.0,2,True,True,True,Shahr-e-Ziba,2250000000.0,2250.0,28846153.846153848,28.846153846153847
64.0,2,True,True,True,Shahr-e-Ziba,2200000000.0,2200.0,34375000.0,34.375
112.0,2,True,True,True,Shahr-e-Ziba,3680000000.0,3680.0,32857142.85714286,32.85714285714286
55.0,1,True,False,True,Shahr-e-Ziba,2020000000.0,2020.0,36727272.72727273,36.72727272727273
76.0,2,True,True,False,Shahr-e-Ziba,2570000000.0,2570.0,33815789.473684214,33.81578947368421
77.0,2,True,True,True,Shahr-e-Ziba,2570000000.0,2570.0,33376623.376623377,33.37662337662338
75.0,2,True,True,False,Shahr-e-Ziba,1890000000.0,1890.0,25200000.0,25.2
75.0,2,True,True,False,Shahr-e-Ziba,1890000000.0,1890.0,25200000.0,25.2
75.0,2,True,True,False,Shahr-e-Ziba,1890000000.0,1890.0,25200000.0,25.2
75.0,2,True,True,False,Shahr-e-Ziba,1890000000.0,1890.0,25200000.0,25.2
75.0,2,True,True,False,Shahr-e-Ziba,1890000000.0,1890.0,25200000.0,25.2
75.0,2,True,True,False,Shahr-e-Ziba,1890000000.0,1890.0,25200000.0,25.2
75.0,2,True,True,False,Shahr-e-Ziba,1890000000.0,1890.0,25200000.0,25.2
75.0,2,True,True,False,Shahr-e-Ziba,1890000000.0,1890.0,25200000.0,25.2
62.0,1,True,True,True,Shahr-e-Ziba,2580000000.0,2580.0,41612903.22580645,41.612903225806456
75.0,2,True,True,False,Shahr-e-Ziba,1890000000.0,1890.0,25200000.0,25.2
75.0,2,True,True,False,Shahr-e-Ziba,1890000000.0,1890.0,25200000.0,25.2
100.0,2,True,True,True,Shahr-e-Ziba,3400000000.0,3400.0,34000000.0,34.0
75.0,2,True,True,False,Shahr-e-Ziba,1890000000.0,1890.0,25200000.0,25.2
75.0,2,True,True,False,Shahr-e-Ziba,1890000000.0,1890.0,25200000.0,25.2
61.0,1,False,True,False,Shahr-e-Ziba,1990000000.0,1990.0,32622950.81967213,32.62295081967213
96.0,2,True,True,True,Shahr-e-Ziba,3840000000.0,3840.0,40000000.0,40.0
75.0,2,True,True,False,Shahr-e-Ziba,1880000000.0,1880.0,25066666.666666668,25.066666666666666
69.0,2,True,True,True,Shahr-e-Ziba,2050000000.0,2050.0,29710144.92753623,29.71014492753623
95.0,2,True,True,True,Shahr-e-Ziba,2970000000.0,2970.0,31263157.89473684,31.263157894736842
105.0,3,True,True,True,Shahr-e-Ziba,3600000000.0,3600.0,34285714.28571428,34.285714285714285
95.0,2,True,True,True,Shahr-e-Ziba,3150000000.0,3150.0,33157894.736842107,33.15789473684211
63.0,1,True,True,True,Shahr-e-Ziba,2080000000.0,2080.0,33015873.015873015,33.01587301587301
63.0,1,True,True,True,Shahr-e-Ziba,2350000000.0,2350.0,37301587.3015873,37.3015873015873
83.0,2,True,True,True,Shahr-e-Ziba,2400000000.0,2400.0,28915662.65060241,28.91566265060241
94.0,2,True,True,True,Shahr-e-Ziba,3160000000.0,3160.0,33617021.27659574,33.61702127659574
95.0,2,True,True,True,Shahr-e-Ziba,2870000000.0,2870.0,30210526.315789472,30.210526315789473
100.0,2,True,True,True,Shahr-e-Ziba,3800000000.0,3800.0,38000000.0,38.0
58.0,1,True,True,True,Shahr-e-Ziba,1850000000.0,1850.0,31896551.724137932,31.896551724137932
85.0,2,True,True,True,Shahr-e-Ziba,2350000000.0,2350.0,27647058.82352941,27.64705882352941
58.0,1,True,True,True,Shahr-e-Ziba,1850000000.0,1850.0,31896551.724137932,31.896551724137932
58.0,1,True,True,True,Shahr-e-Ziba,1880000000.0,1880.0,32413793.103448275,32.41379310344828
56.0,1,True,True,True,Shahr-e-Ziba,2240000000.0,2240.0,40000000.0,40.0
93.0,2,True,False,True,Shahr-e-Ziba,2900000000.0,2900.0,31182795.69892473,31.182795698924732
87.0,2,True,True,True,Shahr-e-Ziba,3000000000.0,3000.0,34482758.62068965,34.48275862068965
105.0,2,True,True,True,Shahr-e-Ziba,4100000000.0,4100.0,39047619.047619045,39.047619047619044
100.0,2,False,True,True,Shahr-e-Ziba,3300000000.0,3300.0,33000000.0,33.0
92.0,2,True,True,True,Shahr-e-Ziba,2700000000.0,2700.0,29347826.086956523,29.347826086956523
98.0,2,True,True,True,Shahr-e-Ziba,3220000000.0,3220.0,32857142.85714286,32.85714285714286
75.0,2,True,True,False,Shahr-e-Ziba,1890000000.0,1890.0,25200000.0,25.2
76.0,2,True,True,True,Shahr-e-Ziba,2800000000.0,2800.0,36842105.2631579,36.8421052631579
87.0,2,True,True,True,Shahr-e-Ziba,3050000000.0,3050.0,35057471.26436782,35.05747126436782
75.0,2,True,True,False,Shahr-e-Ziba,1890000000.0,1890.0,25200000.0,25.2
85.0,2,True,True,True,Shahr-e-Ziba,2750000000.0,2750.0,32352941.17647059,32.35294117647059
90.0,2,True,True,True,Shahr-e-Ziba,3150000000.0,3150.0,35000000.0,35.0
85.0,2,True,True,True,Shahr-e-Ziba,3450000000.0,3450.0,40588235.294117644,40.588235294117645
76.0,2,True,True,True,Shahr-e-Ziba,2480000000.0,2480.0,32631578.94736842,32.63157894736842
63.0,2,True,True,True,Shahr-e-Ziba,2250000000.0,2250.0,35714285.71428572,35.714285714285715
48.0,1,True,True,True,Shahr-e-Ziba,1750000000.0,1750.0,36458333.333333336,36.458333333333336
98.0,2,True,True,True,Shahr-e-Ziba,3200000000.0,3200.0,32653061.224489797,32.6530612244898
80.0,2,True,True,True,Shahr-e-Ziba,2550000000.0,2550.0,31875000.0,31.875
115.0,3,True,True,True,Shahr-e-Ziba,3870000000.0,3870.0,33652173.91304348,33.65217391304348
98.0,2,True,True,True,Shahr-e-Ziba,3220000000.0,3220.0,32857142.85714286,32.85714285714286
70.0,2,True,True,True,Shahr-e-Ziba,2000000000.0,2000.0,28571428.57142857,28.57142857142857
69.0,2,True,True,True,Shahr-e-Ziba,2050000000.0,2050.0,29710144.92753623,29.71014492753623
64.0,2,True,True,True,Shahr-e-Ziba,1980000000.0,1980.0,30937500.0,30.9375
65.0,2,True,True,True,Shahr-e-Ziba,2000000000.0,2000.0,30769230.769230768,30.769230769230766
76.0,2,True,True,True,Shahr-e-Ziba,2850000000.0,2850.0,37500000.0,37.5
90.0,2,True,True,True,Shahr-e-Ziba,3000000000.0,3000.0,33333333.333333332,33.33333333333333
83.0,2,True,True,True,Shahr-e-Ziba,2510000000.0,2510.0,30240963.85542169,30.24096385542169
68.0,2,True,True,True,Shahr-e-Ziba,2150000000.0,2150.0,31617647.05882353,31.61764705882353
95.0,2,True,True,True,Shahr-e-Ziba,2920000000.0,2920.0,30736842.10526316,30.736842105263158
56.0,1,True,True,True,Shahr-e-Ziba,2200000000.0,2200.0,39285714.28571428,39.285714285714285
105.0,3,True,True,True,Shahr-e-Ziba,3550000000.0,3550.0,33809523.809523806,33.8095238095238
80.0,2,False,True,True,Shahr-e-Ziba,2450000000.0,2450.0,30625000.0,30.625
105.0,2,True,True,True,Shahr-e-Ziba,2800000000.0,2800.0,26666666.666666668,26.666666666666668
59.0,2,True,True,True,Shahr-e-Ziba,1600000000.0,1600.0,27118644.06779661,27.11864406779661
80.0,2,True,True,False,Shahr-e-Ziba,2450000000.0,2450.0,30625000.0,30.625
120.0,3,True,True,True,Shahr-e-Ziba,4530000000.0,4530.0,37750000.0,37.75
124.0,3,True,True,True,Shahr-e-Ziba,3900000000.0,3900.0,31451612.903225806,31.451612903225804
61.0,1,False,True,False,Shahr-e-Ziba,1490000000.0,1490.0,24426229.508196723,24.426229508196723
90.0,2,True,True,True,Shahr-e-Ziba,2900000000.0,2900.0,32222222.222222224,32.22222222222222
90.0,2,True,True,True,Shahr-e-Ziba,2900000000.0,2900.0,32222222.222222224,32.22222222222222
124.0,3,True,True,True,Shahr-e-Ziba,3980000000.0,3980.0,32096774.19354839,32.09677419354839
89.0,2,True,True,True,Shahr-e-Ziba,3150000000.0,3150.0,35393258.426966295,35.39325842696629
85.0,2,True,True,True,Shahr-e-Ziba,2975000000.0,2975.0,35000000.0,35.0
90.0,2,True,True,True,Shahr-e-Ziba,3250000000.0,3250.0,36111111.11111111,36.111111111111114
96.0,2,True,True,True,Shahr-e-Ziba,3000000000.0,3000.0,31250000.0,31.25
100.0,2,True,True,False,Shahr-e-Ziba,3800000000.0,3800.0,38000000.0,38.0
92.0,2,True,True,True,Shahr-e-Ziba,3300000000.0,3300.0,35869565.217391305,35.869565217391305
85.0,2,True,True,True,Shahr-e-Ziba,2900000000.0,2900.0,34117647.058823526,34.11764705882353
71.0,2,False,True,True,Shahr-e-Ziba,2150000000.0,2150.0,30281690.14084507,30.281690140845072
80.0,2,True,True,False,Shahr-e-Ziba,2480000000.0,2480.0,31000000.0,31.0
60.0,1,True,True,True,Shahr-e-Ziba,1960000000.0,1960.0,32666666.666666668,32.66666666666667
76.0,2,True,True,True,Shahr-e-Ziba,2850000000.0,2850.0,37500000.0,37.5
130.0,3,True,True,False,ShahrAra,5000000000.0,5000.0,38461538.461538464,38.46153846153847
137.0,3,True,True,True,ShahrAra,7200000000.0,7200.0,52554744.525547445,52.55474452554744
137.0,3,True,True,True,ShahrAra,7200000000.0,7200.0,52554744.525547445,52.55474452554744
102.0,2,True,True,False,ShahrAra,2950000000.0,2950.0,28921568.62745098,28.92156862745098
175.0,3,True,True,True,ShahrAra,7800000000.0,7800.0,44571428.571428575,44.57142857142858
128.0,3,True,True,True,Shahrake Apadana,5700000000.0,5700.0,44531250.0,44.53125
60.0,2,False,True,False,Shahrake Azadi,1680000000.0,1680.0,28000000.0,28.0
90.0,2,True,True,False,Shahrake Azadi,1000000000.0,1000.0,11111111.111111112,11.111111111111112
123.0,2,True,True,True,Shahrake Gharb,7000000000.0,7000.0,56910569.10569106,56.91056910569106
93.0,2,True,True,True,Shahrake Gharb,7000000000.0,7000.0,75268817.20430107,75.26881720430107
113.0,3,True,True,False,Shahrake Gharb,7000000000.0,7000.0,61946902.654867254,61.94690265486725
140.0,2,True,True,True,Shahrake Gharb,12600000000.0,12600.0,90000000.0,90.0
145.0,2,True,True,True,Shahrake Gharb,14700000000.0,14700.0,101379310.34482759,101.37931034482759
162.0,3,True,True,True,Shahrake Gharb,12150000000.0,12150.0,75000000.0,75.0
96.0,2,True,True,True,Shahrake Gharb,4800000000.0,4800.0,50000000.0,50.0
140.0,2,True,True,True,Shahrake Gharb,12600000000.0,12600.0,90000000.0,90.0
165.0,3,True,True,True,Shahrake Gharb,14800000000.0,14800.0,89696969.6969697,89.6969696969697
115.0,2,True,True,True,Shahrake Gharb,13000000000.0,13000.0,113043478.26086956,113.04347826086956
157.0,3,True,True,True,Shahrake Gharb,18500000000.0,18500.0,117834394.9044586,117.83439490445859
155.0,3,True,True,True,Shahrake Gharb,10000000000.0,10000.0,64516129.03225806,64.51612903225806
175.0,3,True,True,True,Shahrake Gharb,9300000000.0,9300.0,53142857.14285714,53.14285714285714
130.0,3,True,True,True,Shahrake Gharb,8450000000.0,8450.0,65000000.0,65.0
155.0,3,True,True,True,Shahrake Gharb,9300000000.0,9300.0,60000000.0,60.0
160.0,3,True,True,True,Shahrake Gharb,12500000000.0,12500.0,78125000.0,78.125
155.0,3,True,True,True,Shahrake Gharb,10000000000.0,10000.0,64516129.03225806,64.51612903225806
165.0,3,True,True,True,Shahrake Gharb,12400000000.0,12400.0,75151515.15151516,75.15151515151516
125.0,2,True,True,True,Shahrake Gharb,9750000000.0,9750.0,78000000.0,78.0
150.0,3,True,True,True,Shahrake Gharb,12000000000.0,12000.0,80000000.0,80.0
140.0,3,True,True,True,Shahrake Gharb,9200000000.0,9200.0,65714285.71428572,65.71428571428572
120.0,2,True,True,True,Shahrake Gharb,7500000000.0,7500.0,62500000.0,62.5
140.0,3,True,True,True,Shahrake Gharb,10000000000.0,10000.0,71428571.42857143,71.42857142857143
97.0,2,True,True,True,Shahrake Gharb,7500000000.0,7500.0,77319587.62886597,77.31958762886597
130.0,3,True,True,True,Shahrake Gharb,14300000000.0,14300.0,110000000.0,110.0
135.0,3,True,True,True,Shahrake Gharb,9000000000.0,9000.0,66666666.666666664,66.66666666666666
102.0,2,True,True,True,Shahrake Gharb,9898000000.0,9898.0,97039215.68627451,97.03921568627452
116.0,2,True,True,True,Shahrake Gharb,9860000000.0,9860.0,85000000.0,85.0
140.0,3,True,True,True,Shahrake Gharb,11200000000.0,11200.0,80000000.0,80.0
195.0,3,True,True,True,Shahrake Gharb,19500000000.0,19500.0,100000000.0,100.0
155.0,3,True,True,True,Shahrake Gharb,9000000000.0,9000.0,58064516.12903226,58.06451612903226
145.0,3,True,True,True,Shahrake Gharb,11000000000.0,11000.0,75862068.96551724,75.86206896551724
117.0,3,True,True,True,Shahrake Gharb,6800000000.0,6800.0,58119658.11965812,58.11965811965812
115.0,3,True,True,True,Shahrake Gharb,6500000000.0,6500.0,56521739.13043478,56.52173913043478
58.0,1,True,True,True,Shahrake Gharb,3400000000.0,3400.0,58620689.655172415,58.62068965517241
95.0,2,True,True,True,Shahrake Gharb,5100000000.0,5100.0,53684210.526315786,53.68421052631579
101.0,2,True,True,True,Shahrake Gharb,6565000000.0,6565.0,65000000.0,65.0
150.0,3,True,True,True,Shahrake Gharb,12350000000.0,12350.0,82333333.33333333,82.33333333333333
88.0,2,True,True,True,Shahrake Gharb,5250000000.0,5250.0,59659090.90909091,59.65909090909091
117.0,2,True,True,True,Shahrake Gharb,10600000000.0,10600.0,90598290.59829059,90.59829059829059
120.0,2,True,True,True,Shahrake Gharb,9800000000.0,9800.0,81666666.66666667,81.66666666666667
200.0,3,True,True,True,Shahrake Gharb,14000000000.0,14000.0,70000000.0,70.0
68.0,1,True,True,True,Shahrake Gharb,5000000000.0,5000.0,73529411.76470588,73.52941176470588
97.0,2,True,True,True,Shahrake Gharb,5600000000.0,5600.0,57731958.7628866,57.7319587628866
118.0,2,True,True,True,Shahrake Gharb,10300000000.0,10300.0,87288135.59322034,87.28813559322033
117.0,2,True,True,True,Shahrake Gharb,7200000000.0,7200.0,61538461.538461536,61.53846153846153
73.0,1,True,True,False,Shahrake Gharb,7500000000.0,7500.0,102739726.02739726,102.73972602739725
165.0,3,True,True,True,Shahrake Gharb,18150000000.0,18150.0,110000000.0,110.0
145.0,3,True,True,True,Shahrake Gharb,10500000000.0,10500.0,72413793.10344827,72.41379310344827
125.0,3,True,True,True,Shahrake Gharb,11250000000.0,11250.0,90000000.0,90.0
115.0,2,True,True,True,Shahrake Gharb,12000000000.0,12000.0,104347826.08695652,104.34782608695652
133.0,3,True,False,True,Shahrake Gharb,10000000000.0,10000.0,75187969.92481203,75.18796992481204
107.0,2,True,True,True,Shahrake Madaen,800000000.0,800.0,7476635.514018691,7.4766355140186915
95.0,2,True,True,True,Shahrake Qods,902500000.0,902.5,9500000.0,9.5
100.0,2,False,False,False,Shahrake Qods,620000000.0,620.0,6200000.0,6.2
75.0,1,True,True,True,Shahrake Qods,650000000.0,650.0,8666666.666666666,8.666666666666666
40.0,0,False,False,False,Shahrake Qods,248000000.0,248.0,6200000.0,6.2
50.0,1,False,True,False,Shahrake Qods,340000000.0,340.0,6800000.0,6.8
81.0,2,True,True,True,Shahrake Qods,810000000.0,810.0,10000000.0,10.0
120.0,2,True,True,True,Shahrake Qods,1050000000.0,1050.0,8750000.0,8.75
93.0,2,True,True,True,Shahrake Qods,1181100000.0,1181.1,12700000.0,12.7
84.0,2,True,True,True,Shahrake Qods,1150800000.0,1150.8,13700000.0,13.7
92.0,2,False,True,True,Shahrake Qods,1012000000.0,1012.0,11000000.0,11.0
105.0,2,True,True,True,Shahrake Qods,1365000000.0,1365.0,13000000.0,13.0
78.0,2,False,True,False,Shahrake Qods,580000000.0,580.0,7435897.435897436,7.435897435897436
80.0,1,False,True,False,Shahrake Qods,560000000.0,560.0,7000000.0,7.0
70.0,1,True,True,False,Shahrake Qods,870000000.0,870.0,12428571.42857143,12.428571428571429
75.0,2,False,True,True,Shahrake Qods,620000000.0,620.0,8266666.666666667,8.266666666666667
100.0,2,True,True,True,Shahrake Qods,800000000.0,800.0,8000000.0,8.0
75.0,2,True,True,True,Shahrake Qods,735000000.0,735.0,9800000.0,9.8
90.0,2,False,True,False,Shahrake Qods,665000000.0,665.0,7388888.888888889,7.388888888888889
88.0,2,False,True,True,Shahrake Qods,760000000.0,760.0,8636363.636363637,8.636363636363637
80.0,2,False,True,False,Shahrake Qods,1200000000.0,1200.0,15000000.0,15.0
90.0,2,True,True,True,Shahrake Qods,990000000.0,990.0,11000000.0,11.0
80.0,1,False,True,False,Shahrake Qods,560000000.0,560.0,7000000.0,7.0
70.0,2,True,True,True,Shahrake Qods,735000000.0,735.0,10500000.0,10.5
125.0,2,True,True,True,Shahrake Qods,1030000000.0,1030.0,8240000.0,8.24
53.0,1,False,False,False,Shahrake Qods,395000000.0,395.0,7452830.188679245,7.452830188679245
120.0,2,True,True,True,Shahrake Qods,1050000000.0,1050.0,8750000.0,8.75
87.0,2,True,True,True,Shahrake Qods,960000000.0,960.0,11034482.75862069,11.03448275862069
62.0,1,True,True,True,Shahrake Qods,510000000.0,510.0,8225806.451612903,8.225806451612902
84.0,2,True,True,True,Shahrake Qods,982000000.0,982.0,11690476.19047619,11.69047619047619
76.0,2,True,True,True,Shahrake Qods,870000000.0,870.0,11447368.421052631,11.447368421052632
118.0,2,True,True,True,Shahrake Qods,960000000.0,960.0,8135593.220338983,8.135593220338983
88.0,2,True,True,True,Shahrake Qods,1135200000.0,1135.2,12900000.0,12.9
100.0,2,False,False,False,Shahrake Qods,650000000.0,650.0,6500000.0,6.5
100.0,2,True,True,True,Shahrake Qods,1000000000.0,1000.0,10000000.0,10.0
90.0,2,True,True,True,Shahrake Qods,900000000.0,900.0,10000000.0,10.0
65.0,1,True,True,True,Shahrake Qods,535000000.0,535.0,8230769.230769231,8.230769230769232
80.0,2,True,True,True,Shahrake Qods,680000000.0,680.0,8500000.0,8.5
94.0,2,True,True,True,Shahrake Qods,950000000.0,950.0,10106382.978723405,10.106382978723405
50.0,1,True,True,False,Shahrake Qods,360000000.0,360.0,7200000.0,7.2
90.0,2,True,True,True,Shahrake Qods,1260000000.0,1260.0,14000000.0,14.0
85.0,2,True,True,True,Shahrake Qods,1062000000.0,1062.0,12494117.647058824,12.494117647058824
60.0,1,False,True,True,Shahrake Qods,920000000.0,920.0,15333333.333333334,15.333333333333334
50.0,1,False,False,False,Shahrake Qods,380000000.0,380.0,7600000.0,7.6
125.0,2,True,True,True,Shahrake Qods,1375000000.0,1375.0,11000000.0,11.0
130.0,3,False,True,False,Shahrake Qods,600000000.0,600.0,4615384.615384615,4.615384615384615
104.0,2,True,True,True,Shahrake Qods,900000000.0,900.0,8653846.153846154,8.653846153846153
58.0,1,False,True,False,Shahrake Qods,400000000.0,400.0,6896551.724137931,6.8965517241379315
60.0,1,False,False,False,Shahrake Qods,430000000.0,430.0,7166666.666666667,7.166666666666667
85.0,2,True,True,True,Shahrake Qods,670000000.0,670.0,7882352.94117647,7.88235294117647
85.0,2,True,True,False,Shahrake Qods,640000000.0,640.0,7529411.764705882,7.529411764705882
90.0,2,True,True,True,Shahrake Qods,980000000.0,980.0,10888888.888888888,10.888888888888888
98.0,2,False,False,False,Shahrake Qods,830000000.0,830.0,8469387.75510204,8.46938775510204
80.0,2,True,True,True,Shahrake Qods,880000000.0,880.0,11000000.0,11.0
115.0,2,True,False,True,Shahrake Qods,950000000.0,950.0,8260869.565217392,8.260869565217392
85.0,2,False,True,True,Shahrake Qods,850000000.0,850.0,10000000.0,10.0
71.0,2,False,True,True,Shahrake Qods,525000000.0,525.0,7394366.197183099,7.394366197183099
105.0,2,True,True,True,Shahrake Qods,920000000.0,920.0,8761904.761904761,8.761904761904761
80.0,1,False,True,True,Shahrake Qods,580000000.0,580.0,7250000.0,7.25
95.0,2,True,True,True,Shahrake Qods,930000000.0,930.0,9789473.684210526,9.789473684210526
80.0,1,False,True,False,Shahrake Qods,550000000.0,550.0,6875000.0,6.875
54.0,0,False,False,False,Shahrake Qods,470000000.0,470.0,8703703.703703703,8.703703703703704
141.0,3,True,True,True,Shahrake Quds,2115000000.0,2115.0,15000000.0,15.0
88.0,2,False,True,True,Shahrake Quds,750000000.0,750.0,8522727.272727273,8.522727272727273
93.0,2,True,True,False,Shahrake Quds,650000000.0,650.0,6989247.311827957,6.989247311827957
66.0,1,True,True,False,Shahrake Quds,520000000.0,520.0,7878787.878787879,7.878787878787879
75.0,2,False,True,False,Shahrake Quds,500000000.0,500.0,6666666.666666667,6.666666666666667
87.0,2,True,True,True,Shahrake Shahid Bagheri,2500000000.0,2500.0,28735632.183908045,28.735632183908045
87.0,2,True,True,True,Shahrake Shahid Bagheri,2450000000.0,2450.0,28160919.540229887,28.160919540229887
90.0,2,True,True,True,Shahrakeh Naft,5500000000.0,5500.0,61111111.11111111,61.111111111111114
130.0,3,True,True,True,Shahrakeh Naft,7500000000.0,7500.0,57692307.692307696,57.69230769230769
85.0,2,True,True,True,Shahrakeh Naft,4600000000.0,4600.0,54117647.058823526,54.11764705882353
63.0,1,True,True,True,Shahran,1850000000.0,1850.0,29365079.365079366,29.365079365079367
60.0,1,True,True,True,Shahran,1850000000.0,1850.0,30833333.333333332,30.833333333333332
59.0,1,True,True,True,Shahran,2150000000.0,2150.0,36440677.9661017,36.440677966101696
65.0,1,True,True,True,Shahran,1880000000.0,1880.0,28923076.923076924,28.923076923076923
72.0,2,True,True,True,Shahran,2350000000.0,2350.0,32638888.888888888,32.638888888888886
109.0,2,True,True,True,Shahran,3500000000.0,3500.0,32110091.743119266,32.11009174311926
42.0,1,True,False,True,Shahran,1760000000.0,1760.0,41904761.9047619,41.904761904761905
42.0,1,True,False,True,Shahran,1760000000.0,1760.0,41904761.9047619,41.904761904761905
110.0,2,True,True,True,Shahran,3850000000.0,3850.0,35000000.0,35.0
58.0,2,True,True,True,Shahran,2200000000.0,2200.0,37931034.48275862,37.93103448275862
62.0,1,True,True,True,Shahran,1850000000.0,1850.0,29838709.677419353,29.838709677419352
84.0,2,True,True,True,Shahran,3400000000.0,3400.0,40476190.47619048,40.476190476190474
82.0,2,True,True,True,Shahran,3550000000.0,3550.0,43292682.92682927,43.29268292682927
61.0,1,True,True,True,Shahran,1850000000.0,1850.0,30327868.852459017,30.327868852459016
103.0,2,True,True,True,Shahran,3550000000.0,3550.0,34466019.41747573,34.46601941747573
60.0,1,True,True,True,Shahran,1850000000.0,1850.0,30833333.333333332,30.833333333333332
51.0,1,True,True,False,Shahran,2020000000.0,2020.0,39607843.1372549,39.6078431372549
43.0,1,True,True,True,Shahran,2080000000.0,2080.0,48372093.02325582,48.372093023255815
109.0,2,True,True,True,Shahran,3500000000.0,3500.0,32110091.743119266,32.11009174311926
85.0,2,True,True,True,Shahran,3200000000.0,3200.0,37647058.823529415,37.64705882352941
77.0,2,True,True,True,Shahran,2650000000.0,2650.0,34415584.415584415,34.41558441558441
118.0,2,True,True,True,Shahran,3900000000.0,3900.0,33050847.457627118,33.05084745762712
57.0,1,True,True,True,Shahran,1950000000.0,1950.0,34210526.315789476,34.21052631578947
54.0,2,True,True,False,Shahran,1850000000.0,1850.0,34259259.25925926,34.25925925925926
90.0,2,True,True,True,Shahran,3170000000.0,3170.0,35222222.222222224,35.22222222222222
90.0,2,True,True,True,Shahran,3200000000.0,3200.0,35555555.55555555,35.55555555555555
125.0,3,True,True,True,Shahran,5550000000.0,5550.0,44400000.0,44.4
95.0,2,True,True,True,Shahran,4650000000.0,4650.0,48947368.421052635,48.94736842105264
115.0,2,True,True,True,Shahran,5000000000.0,5000.0,43478260.86956522,43.47826086956522
65.0,2,True,True,True,Shahran,2150000000.0,2150.0,33076923.076923076,33.07692307692307
85.0,2,True,True,True,Shahran,3300000000.0,3300.0,38823529.4117647,38.8235294117647
90.0,2,True,True,True,Shahran,2850000000.0,2850.0,31666666.666666668,31.666666666666668
130.0,2,True,True,True,Shahran,4180000000.0,4180.0,32153846.153846152,32.15384615384615
110.0,2,True,True,True,Shahran,3410000000.0,3410.0,31000000.0,31.0
75.0,2,True,True,True,Shahran,1980000000.0,1980.0,26400000.0,26.4
75.0,2,True,True,True,Shahran,2400000000.0,2400.0,32000000.0,32.0
50.0,1,True,True,True,Shahran,1850000000.0,1850.0,37000000.0,37.0
80.0,2,True,True,True,Shahran,3550000000.0,3550.0,44375000.0,44.375
85.0,2,True,True,True,Shahran,2380000000.0,2380.0,28000000.0,28.0
44.0,1,True,True,False,Shahran,1390000000.0,1390.0,31590909.09090909,31.59090909090909
65.0,1,True,True,True,Shahran,2220000000.0,2220.0,34153846.15384615,34.15384615384615
56.0,1,True,True,True,Shahran,1900000000.0,1900.0,33928571.428571425,33.92857142857142
65.0,1,True,True,True,Shahran,1880000000.0,1880.0,28923076.923076924,28.923076923076923
89.0,2,True,True,True,Shahran,3190000000.0,3190.0,35842696.62921348,35.842696629213485
45.0,1,False,True,False,Shahran,1580000000.0,1580.0,35111111.11111111,35.111111111111114
56.0,1,True,True,True,Shahran,2450000000.0,2450.0,43750000.0,43.75
108.0,2,True,True,True,Shahran,4300000000.0,4300.0,39814814.81481481,39.81481481481482
91.0,2,True,True,True,Shahran,3350000000.0,3350.0,36813186.81318682,36.81318681318682
105.0,2,True,True,True,Shahran,3750000000.0,3750.0,35714285.71428572,35.714285714285715
75.0,2,True,True,True,Shahran,3650000000.0,3650.0,48666666.666666664,48.666666666666664
84.0,3,True,True,True,Shahran,3050000000.0,3050.0,36309523.809523806,36.3095238095238
103.0,2,False,True,False,Shahran,3220000000.0,3220.0,31262135.922330096,31.262135922330096
58.0,1,True,True,True,Shahran,2850000000.0,2850.0,49137931.03448276,49.13793103448276
119.0,2,True,True,True,Shahran,4700000000.0,4700.0,39495798.319327734,39.49579831932773
69.0,2,True,True,False,Shahran,1850000000.0,1850.0,26811594.20289855,26.81159420289855
85.0,2,True,True,True,Shahran,2650000000.0,2650.0,31176470.588235293,31.176470588235293
103.0,3,True,True,True,Shahran,4128000000.0,4128.0,40077669.902912624,40.077669902912625
50.0,2,True,True,False,Shahran,1820000000.0,1820.0,36400000.0,36.4
117.0,2,True,True,True,Shahran,3880000000.0,3880.0,33162393.162393164,33.162393162393165
79.0,2,True,True,True,Shahran,2950000000.0,2950.0,37341772.151898734,37.34177215189874
119.0,2,True,True,True,Shahran,5400000000.0,5400.0,45378151.2605042,45.378151260504204
115.0,2,True,True,True,Shahran,3840000000.0,3840.0,33391304.347826086,33.391304347826086
83.0,3,True,True,True,Shahran,3100000000.0,3100.0,37349397.590361446,37.34939759036145
70.0,2,True,True,False,Shahran,2550000000.0,2550.0,36428571.428571425,36.42857142857142
73.0,2,True,True,False,Shahran,2580000000.0,2580.0,35342465.75342466,35.34246575342466
67.0,2,True,True,True,Shahran,2300000000.0,2300.0,34328358.20895522,34.32835820895522
94.0,2,True,True,True,Shahran,2280000000.0,2280.0,24255319.14893617,24.25531914893617
90.0,2,True,True,True,Shahran,3200000000.0,3200.0,35555555.55555555,35.55555555555555
75.0,2,True,True,True,Shahran,3500000000.0,3500.0,46666666.666666664,46.666666666666664
110.0,2,True,True,True,Shahran,3920000000.0,3920.0,35636363.63636363,35.63636363636363
92.0,2,True,True,True,Shahran,2700000000.0,2700.0,29347826.086956523,29.347826086956523
51.0,2,True,True,False,Shahran,1850000000.0,1850.0,36274509.803921565,36.27450980392157
82.0,2,True,True,True,Shahran,2850000000.0,2850.0,34756097.56097561,34.75609756097561
75.0,2,True,True,True,Shahran,3110000000.0,3110.0,41466666.666666664,41.46666666666666
116.0,2,True,True,True,Shahran,4640000000.0,4640.0,40000000.0,40.0
115.0,2,True,True,True,Shahran,4500000000.0,4500.0,39130434.782608695,39.130434782608695
42.0,1,True,False,True,Shahran,1750000000.0,1750.0,41666666.666666664,41.666666666666664
72.0,2,True,True,False,Shahran,2600000000.0,2600.0,36111111.11111111,36.111111111111114
96.0,2,True,True,True,Shahran,3500000000.0,3500.0,36458333.333333336,36.458333333333336
55.0,2,True,True,False,Shahran,1870000000.0,1870.0,34000000.0,34.0
66.0,1,False,True,False,Shahran,1850000000.0,1850.0,28030303.03030303,28.03030303030303
74.0,2,True,True,True,Shahran,2390000000.0,2390.0,32297297.2972973,32.2972972972973
69.0,2,True,True,True,Shahran,2600000000.0,2600.0,37681159.42028985,37.68115942028985
119.0,2,True,True,True,Shahran,4000000000.0,4000.0,33613445.37815126,33.61344537815126
119.0,3,True,True,True,Shahran,5500000000.0,5500.0,46218487.39495798,46.21848739495798
82.0,2,True,True,True,Shahran,2800000000.0,2800.0,34146341.46341463,34.14634146341463
90.0,2,True,True,True,Shahran,3400000000.0,3400.0,37777777.777777776,37.77777777777778
95.0,2,True,True,True,Shahran,3250000000.0,3250.0,34210526.315789476,34.21052631578947
62.0,2,True,True,False,Shahran,2100000000.0,2100.0,33870967.741935484,33.87096774193549
95.0,2,True,True,True,Shahran,3150000000.0,3150.0,33157894.736842107,33.15789473684211
65.0,2,True,True,True,Shahran,2400000000.0,2400.0,36923076.92307692,36.92307692307692
46.0,1,True,True,False,Shahran,1650000000.0,1650.0,35869565.217391305,35.869565217391305
83.0,2,True,True,True,Shahran,3200000000.0,3200.0,38554216.86746988,38.554216867469876
105.0,2,True,True,True,Shahran,3800000000.0,3800.0,36190476.190476194,36.1904761904762
64.0,2,False,True,False,Shahran,1900000000.0,1900.0,29687500.0,29.6875
93.0,2,True,True,True,Shahran,2880000000.0,2880.0,30967741.93548387,30.96774193548387
84.0,2,True,True,True,Shahran,2400000000.0,2400.0,28571428.57142857,28.57142857142857
76.0,2,True,True,False,Shahran,1990000000.0,1990.0,26184210.52631579,26.18421052631579
83.0,2,True,True,True,Shahran,2980000000.0,2980.0,35903614.45783132,35.903614457831324
110.0,2,True,True,True,Shahran,4070000000.0,4070.0,37000000.0,37.0
98.0,2,True,True,True,Shahran,4080000000.0,4080.0,41632653.06122449,41.63265306122449
92.0,2,True,True,True,Shahran,3200000000.0,3200.0,34782608.69565217,34.78260869565217
71.0,1,True,True,True,Shahran,2300000000.0,2300.0,32394366.1971831,32.394366197183096
42.0,1,True,False,True,Shahran,1760000000.0,1760.0,41904761.9047619,41.904761904761905
84.0,2,True,True,True,Shahran,2410000000.0,2410.0,28690476.19047619,28.69047619047619
92.0,2,True,True,True,Shahran,2900000000.0,2900.0,31521739.13043478,31.52173913043478
56.0,1,True,True,True,Shahran,1890000000.0,1890.0,33750000.0,33.75
65.0,1,True,True,True,Shahran,1880000000.0,1880.0,28923076.923076924,28.923076923076923
70.0,1,True,True,True,Shahran,2270000000.0,2270.0,32428571.42857143,32.42857142857143
80.0,2,True,True,True,Shahran,2590000000.0,2590.0,32375000.0,32.375
86.0,2,True,True,False,Shahran,3100000000.0,3100.0,36046511.62790698,36.04651162790698
100.0,2,True,True,True,Shahran,4200000000.0,4200.0,42000000.0,42.0
97.0,2,True,True,True,Shahran,3300000000.0,3300.0,34020618.556701034,34.02061855670103
65.0,2,True,True,True,Shahran,2350000000.0,2350.0,36153846.15384615,36.15384615384615
104.0,2,False,False,False,Shahran,4080000000.0,4080.0,39230769.23076923,39.23076923076923
99.0,2,True,True,True,Shahran,3900000000.0,3900.0,39393939.39393939,39.39393939393939
102.0,2,True,True,True,Shahran,4000000000.0,4000.0,39215686.2745098,39.2156862745098
112.0,2,True,True,True,Shahran,5400000000.0,5400.0,48214285.71428572,48.214285714285715
46.0,1,True,True,True,Shahran,1700000000.0,1700.0,36956521.73913044,36.95652173913044
68.0,2,True,True,True,Shahran,2270000000.0,2270.0,33382352.94117647,33.38235294117647
53.0,1,False,True,False,Shahran,1470000000.0,1470.0,27735849.056603774,27.735849056603776
82.0,2,True,True,True,Shahran,3600000000.0,3600.0,43902439.02439024,43.90243902439024
90.0,2,True,False,True,Shahran,3150000000.0,3150.0,35000000.0,35.0
92.0,2,True,True,True,Shahran,3220000000.0,3220.0,35000000.0,35.0
97.0,2,True,True,True,Shahran,2700000000.0,2700.0,27835051.54639175,27.835051546391753
120.0,2,True,True,False,Shahryar,1200000000.0,1200.0,10000000.0,10.0
50.0,1,True,True,False,Shahryar,500000000.0,500.0,10000000.0,10.0
44.0,1,False,True,False,Shahryar,570000000.0,570.0,12954545.454545455,12.954545454545455
80.0,2,True,True,True,Shahryar,850000000.0,850.0,10625000.0,10.625
60.0,1,True,True,False,Shahryar,600000000.0,600.0,10000000.0,10.0
96.0,3,True,False,True,Shahryar,1145000000.0,1145.0,11927083.333333334,11.927083333333334
102.0,2,True,True,True,Shahryar,1225000000.0,1225.0,12009803.921568627,12.009803921568627
82.0,2,True,False,True,Shams Abad,3280000000.0,3280.0,40000000.0,40.0
137.0,3,True,True,True,Shams Abad,4660000000.0,4660.0,34014598.540145986,34.01459854014598
108.0,2,True,True,True,Shams Abad,4550000000.0,4550.0,42129629.62962963,42.129629629629626
108.0,2,True,True,True,Shams Abad,4130000000.0,4130.0,38240740.74074074,38.24074074074074
43.0,1,True,True,True,Shams Abad,1800000000.0,1800.0,41860465.11627907,41.86046511627907
92.0,2,True,True,True,Shams Abad,3250000000.0,3250.0,35326086.95652174,35.32608695652174
88.0,2,False,True,True,Shams Abad,3350000000.0,3350.0,38068181.81818182,38.06818181818182
67.0,1,True,True,True,Shams Abad,2600000000.0,2600.0,38805970.14925373,38.80597014925373
42.0,1,False,True,False,Shoosh,920000000.0,920.0,21904761.904761903,21.9047619047619
63.0,3,True,True,False,Shoosh,1200000000.0,1200.0,19047619.04761905,19.047619047619047
71.0,2,True,True,True,Si Metri Ji,1633000000.0,1633.0,23000000.0,23.0
61.0,1,True,True,True,Si Metri Ji,1318000000.0,1318.0,21606557.37704918,21.60655737704918
85.0,2,False,True,True,Si Metri Ji,1440000000.0,1440.0,16941176.470588237,16.941176470588236
43.0,1,False,True,True,Si Metri Ji,750000000.0,750.0,17441860.465116277,17.441860465116278
80.0,2,True,True,True,Si Metri Ji,1410000000.0,1410.0,17625000.0,17.625
41.0,1,True,True,False,Si Metri Ji,780000000.0,780.0,19024390.243902437,19.024390243902438
82.0,2,True,True,True,Si Metri Ji,1600000000.0,1600.0,19512195.12195122,19.51219512195122
45.0,1,False,True,True,Si Metri Ji,890000000.0,890.0,19777777.777777776,19.777777777777775
98.0,2,True,True,True,Si Metri Ji,1950000000.0,1950.0,19897959.18367347,19.89795918367347
98.0,2,True,True,True,Si Metri Ji,1950000000.0,1950.0,19897959.18367347,19.89795918367347
49.0,1,True,True,True,Si Metri Ji,900000000.0,900.0,18367346.93877551,18.36734693877551
104.0,2,True,True,True,Si Metri Ji,1830000000.0,1830.0,17596153.846153848,17.596153846153847
79.0,2,False,True,True,Si Metri Ji,1400000000.0,1400.0,17721518.987341773,17.721518987341774
41.0,1,False,False,True,Si Metri Ji,790000000.0,790.0,19268292.68292683,19.26829268292683
57.0,1,True,True,True,Si Metri Ji,990000000.0,990.0,17368421.05263158,17.36842105263158
78.0,2,True,True,True,Si Metri Ji,1350000000.0,1350.0,17307692.307692308,17.307692307692307
76.0,2,False,True,True,Si Metri Ji,1350000000.0,1350.0,17763157.89473684,17.763157894736842
98.0,2,True,True,True,Si Metri Ji,1950000000.0,1950.0,19897959.18367347,19.89795918367347
97.0,2,True,False,True,Si Metri Ji,1900000000.0,1900.0,19587628.86597938,19.58762886597938
50.0,1,True,True,False,Si Metri Ji,810000000.0,810.0,16200000.0,16.2
133.0,3,True,True,True,Sohanak,7448000000.0,7448.0,56000000.0,56.0
130.0,2,True,True,True,Southern Chitgar,3250000000.0,3250.0,25000000.0,25.0
101.0,2,True,True,True,Southern Chitgar,1035000000.0,1035.0,10247524.752475247,10.247524752475247
140.0,3,True,True,True,Southern Chitgar,1484000000.0,1484.0,10600000.0,10.6
200.0,3,True,True,True,Southern Chitgar,5000000000.0,5000.0,25000000.0,25.0
90.0,2,True,True,True,Southern Chitgar,690000000.0,690.0,7666666.666666667,7.666666666666667
63.0,2,True,True,True,Southern Janatabad,2000000000.0,2000.0,31746031.746031746,31.746031746031747
65.0,1,True,True,True,Southern Janatabad,3000000000.0,3000.0,46153846.15384615,46.15384615384615
78.0,2,True,True,True,Southern Janatabad,3600000000.0,3600.0,46153846.15384615,46.15384615384615
95.0,2,True,True,True,Southern Janatabad,4400000000.0,4400.0,46315789.473684214,46.31578947368421
60.0,1,True,True,True,Southern Janatabad,1950000000.0,1950.0,32500000.0,32.5
65.0,1,False,True,True,Southern Janatabad,2000000000.0,2000.0,30769230.769230768,30.769230769230766
60.0,1,True,True,False,Southern Janatabad,2280000000.0,2280.0,38000000.0,38.0
63.0,2,True,True,True,Southern Janatabad,2000000000.0,2000.0,31746031.746031746,31.746031746031747
70.0,2,True,True,True,Southern Janatabad,1950000000.0,1950.0,27857142.85714286,27.857142857142858
62.0,1,True,True,True,Southern Janatabad,2280000000.0,2280.0,36774193.548387095,36.774193548387096
59.0,2,True,True,True,Southern Janatabad,1900000000.0,1900.0,32203389.830508474,32.20338983050848
63.0,2,True,True,True,Southern Janatabad,2000000000.0,2000.0,31746031.746031746,31.746031746031747
60.0,2,True,True,True,Southern Janatabad,2200000000.0,2200.0,36666666.666666664,36.666666666666664
70.0,2,True,True,True,Southern Janatabad,2500000000.0,2500.0,35714285.71428572,35.714285714285715
60.0,1,True,True,True,Southern Janatabad,2200000000.0,2200.0,36666666.666666664,36.666666666666664
65.0,1,True,True,True,Southern Janatabad,2000000000.0,2000.0,30769230.769230768,30.769230769230766
60.0,1,True,True,True,Southern Janatabad,2250000000.0,2250.0,37500000.0,37.5
60.0,1,True,True,True,Southern Janatabad,2250000000.0,2250.0,37500000.0,37.5
86.0,2,True,True,True,Southern Janatabad,3600000000.0,3600.0,41860465.11627907,41.86046511627907
100.0,2,True,True,False,Southern Janatabad,3800000000.0,3800.0,38000000.0,38.0
86.0,2,True,True,True,Southern Janatabad,3270000000.0,3270.0,38023255.81395349,38.02325581395349
70.0,2,True,True,True,Southern Janatabad,3370000000.0,3370.0,48142857.14285714,48.14285714285714
91.0,2,True,True,True,Southern Janatabad,4500000000.0,4500.0,49450549.45054945,49.45054945054945
67.0,1,True,True,True,Southern Janatabad,3450000000.0,3450.0,51492537.313432835,51.492537313432834
105.0,2,True,True,True,Southern Janatabad,5300000000.0,5300.0,50476190.47619048,50.476190476190474
86.0,2,True,True,True,Southern Janatabad,3200000000.0,3200.0,37209302.325581394,37.2093023255814
72.0,2,True,True,True,Southern Janatabad,3150000000.0,3150.0,43750000.0,43.75
70.0,2,True,True,True,Southern Janatabad,2950000000.0,2950.0,42142857.14285714,42.14285714285714
51.0,1,True,True,False,Southern Janatabad,1720000000.0,1720.0,33725490.196078435,33.72549019607843
120.0,3,True,True,True,Southern Janatabad,5000000000.0,5000.0,41666666.666666664,41.666666666666664
70.0,2,True,True,True,Southern Janatabad,2400000000.0,2400.0,34285714.28571428,34.285714285714285
78.0,2,True,True,True,Southern Janatabad,2920000000.0,2920.0,37435897.43589743,37.43589743589743
80.0,2,True,True,True,Southern Janatabad,3500000000.0,3500.0,43750000.0,43.75
66.0,2,True,True,True,Southern Janatabad,1800000000.0,1800.0,27272727.272727273,27.272727272727273
86.0,2,True,True,True,Southern Janatabad,4500000000.0,4500.0,52325581.39534884,52.32558139534884
70.0,2,True,True,True,Southern Janatabad,2000000000.0,2000.0,28571428.57142857,28.57142857142857
65.0,2,True,True,True,Southern Janatabad,2700000000.0,2700.0,41538461.538461536,41.53846153846153
64.0,2,True,True,True,Southern Janatabad,2100000000.0,2100.0,32812500.0,32.8125
62.0,2,True,True,True,Southern Janatabad,2200000000.0,2200.0,35483870.96774194,35.483870967741936
70.0,2,True,True,True,Southern Janatabad,2500000000.0,2500.0,35714285.71428572,35.714285714285715
68.0,2,True,True,True,Southern Janatabad,2100000000.0,2100.0,30882352.94117647,30.88235294117647
64.0,2,True,True,True,Southern Janatabad,2050000000.0,2050.0,32031250.0,32.03125
53.0,1,True,True,True,Southern Janatabad,2430000000.0,2430.0,45849056.60377359,45.84905660377358
105.0,2,True,True,True,Southern Janatabad,3900000000.0,3900.0,37142857.14285714,37.14285714285714
72.0,2,True,True,False,Southern Janatabad,2113000000.0,2113.0,29347222.222222224,29.347222222222225
73.0,2,True,True,False,Southern Janatabad,2108000000.0,2108.0,28876712.328767125,28.876712328767123
72.0,2,True,True,True,Southern Janatabad,2600000000.0,2600.0,36111111.11111111,36.111111111111114
85.0,2,True,True,True,Southern Janatabad,4400000000.0,4400.0,51764705.88235294,51.76470588235294
92.0,2,True,True,True,Southern Janatabad,3990000000.0,3990.0,43369565.217391305,43.369565217391305
85.0,2,True,True,False,Southern Janatabad,3400000000.0,3400.0,40000000.0,40.0
68.0,2,True,True,True,Southern Janatabad,2200000000.0,2200.0,32352941.17647059,32.35294117647059
85.0,2,True,True,True,Southern Janatabad,3600000000.0,3600.0,42352941.176470585,42.35294117647059
93.0,2,True,True,True,Southern Janatabad,4600000000.0,4600.0,49462365.59139785,49.46236559139785
90.0,2,True,True,True,Southern Janatabad,3000000000.0,3000.0,33333333.333333332,33.33333333333333
97.0,2,True,True,True,Southern Janatabad,3880000000.0,3880.0,40000000.0,40.0
97.0,2,True,True,True,Southern Janatabad,3500000000.0,3500.0,36082474.22680412,36.08247422680412
90.0,2,True,True,True,Southern Janatabad,3280000000.0,3280.0,36444444.44444445,36.44444444444445
90.0,2,True,True,True,Southern Janatabad,3680000000.0,3680.0,40888888.88888889,40.888888888888886
120.0,2,True,True,True,Southern Janatabad,4100000000.0,4100.0,34166666.666666664,34.166666666666664
88.0,2,True,True,True,Southern Janatabad,2560000000.0,2560.0,29090909.09090909,29.09090909090909
74.0,2,True,True,True,Southern Janatabad,2800000000.0,2800.0,37837837.83783784,37.83783783783784
90.0,2,True,True,True,Southern Janatabad,3780000000.0,3780.0,42000000.0,42.0
78.0,2,True,True,True,Southern Janatabad,3500000000.0,3500.0,44871794.87179487,44.87179487179487
92.0,2,True,True,True,Southern Janatabad,3880000000.0,3880.0,42173913.04347826,42.17391304347826
98.0,2,True,True,True,Southern Janatabad,3600000000.0,3600.0,36734693.87755102,36.73469387755102
60.0,2,True,True,True,Southern Janatabad,2300000000.0,2300.0,38333333.333333336,38.333333333333336
65.0,2,True,True,True,Southern Janatabad,2250000000.0,2250.0,34615384.615384616,34.61538461538461
65.0,1,True,True,True,Southern Janatabad,2500000000.0,2500.0,38461538.461538464,38.46153846153847
88.0,2,True,True,True,Southern Janatabad,3500000000.0,3500.0,39772727.27272727,39.77272727272727
75.0,2,True,True,True,Southern Janatabad,2300000000.0,2300.0,30666666.666666668,30.666666666666668
90.0,2,True,True,True,Southern Janatabad,3750000000.0,3750.0,41666666.666666664,41.666666666666664
75.0,2,True,True,True,Southern Janatabad,2700000000.0,2700.0,36000000.0,36.0
75.0,2,True,True,False,Southern Janatabad,2100000000.0,2100.0,28000000.0,28.0
72.0,2,True,True,False,Southern Janatabad,2090000000.0,2090.0,29027777.777777776,29.027777777777775
68.0,2,True,True,True,Southern Janatabad,2200000000.0,2200.0,32352941.17647059,32.35294117647059
90.0,2,True,True,True,Southern Janatabad,3750000000.0,3750.0,41666666.666666664,41.666666666666664
88.0,2,True,True,True,Southern Janatabad,4500000000.0,4500.0,51136363.63636363,51.13636363636363
73.0,2,True,True,True,Southern Janatabad,3060000000.0,3060.0,41917808.21917808,41.91780821917808
72.0,2,True,True,True,Southern Janatabad,2550000000.0,2550.0,35416666.666666664,35.416666666666664
80.0,2,True,True,True,Southern Janatabad,3000000000.0,3000.0,37500000.0,37.5
95.0,2,True,True,True,Southern Janatabad,3300000000.0,3300.0,34736842.10526316,34.73684210526316
90.0,2,True,True,True,Southern Janatabad,3350000000.0,3350.0,37222222.222222224,37.22222222222222
90.0,2,True,True,True,Southern Janatabad,3350000000.0,3350.0,37222222.222222224,37.22222222222222
105.0,2,True,True,True,Southern Janatabad,3500000000.0,3500.0,33333333.333333332,33.33333333333333
86.0,2,True,True,True,Southern Janatabad,3500000000.0,3500.0,40697674.41860465,40.69767441860465
65.0,2,True,True,True,Southern Program Organization,2270000000.0,2270.0,34923076.92307692,34.92307692307692
68.0,1,True,True,True,Southern Program Organization,2630000000.0,2630.0,38676470.5882353,38.6764705882353
94.0,2,True,True,False,Southern Program Organization,3200000000.0,3200.0,34042553.19148936,34.04255319148936
50.0,1,True,True,True,Southern Program Organization,1980000000.0,1980.0,39600000.0,39.6
62.0,1,True,True,True,Southern Program Organization,2400000000.0,2400.0,38709677.41935484,38.70967741935484
62.0,1,True,True,True,Southern Program Organization,2170000000.0,2170.0,35000000.0,35.0
76.0,2,True,True,True,Southern Program Organization,3150000000.0,3150.0,41447368.421052635,41.44736842105264
70.0,2,True,True,True,Southern Program Organization,2500000000.0,2500.0,35714285.71428572,35.714285714285715
60.0,1,True,True,True,Southern Program Organization,2400000000.0,2400.0,40000000.0,40.0
57.0,1,True,True,True,Southern Program Organization,2400000000.0,2400.0,42105263.15789474,42.10526315789474
68.0,2,True,True,True,Southern Program Organization,2700000000.0,2700.0,39705882.35294118,39.70588235294118
70.0,2,True,True,True,Southern Program Organization,2250000000.0,2250.0,32142857.14285714,32.14285714285714
66.0,2,True,True,False,Southern Program Organization,2000000000.0,2000.0,30303030.303030305,30.303030303030305
65.0,1,True,True,True,Southern Program Organization,2450000000.0,2450.0,37692307.692307696,37.69230769230769
58.0,1,True,True,True,Southern Program Organization,2500000000.0,2500.0,43103448.27586207,43.10344827586207
55.0,1,True,True,False,Southern Program Organization,2050000000.0,2050.0,37272727.27272727,37.27272727272727
60.0,1,False,True,True,Southern Suhrawardi,2210000000.0,2210.0,36833333.333333336,36.833333333333336
132.0,3,True,False,True,Southern Suhrawardi,6700000000.0,6700.0,50757575.75757576,50.75757575757576
110.0,2,True,True,True,Tajrish,6600000000.0,6600.0,60000000.0,60.0
115.0,2,True,True,True,Tajrish,8200000000.0,8200.0,71304347.82608695,71.30434782608695
300.0,4,True,True,True,Tajrish,9000000000.0,9000.0,30000000.0,30.0
100.0,2,True,True,True,Tajrish,5700000000.0,5700.0,57000000.0,57.0
100.0,2,True,True,True,Tajrish,5700000000.0,5700.0,57000000.0,57.0
150.0,3,True,True,True,Tajrish,12750000000.0,12750.0,85000000.0,85.0
75.0,2,True,True,True,Tarasht,2150000000.0,2150.0,28666666.666666668,28.666666666666668
91.0,2,True,True,True,Tarasht,3100000000.0,3100.0,34065934.06593407,34.06593406593407
101.0,2,True,True,True,Tarasht,3345000000.0,3345.0,33118811.881188117,33.118811881188115
115.0,2,True,True,True,Tarasht,4600000000.0,4600.0,40000000.0,40.0
115.0,2,True,True,False,Tarasht,3600000000.0,3600.0,31304347.826086957,31.304347826086957
117.0,3,True,True,True,Tarasht,4440000000.0,4440.0,37948717.94871795,37.94871794871795
94.0,2,True,True,True,Taslihat,2650000000.0,2650.0,28191489.36170213,28.19148936170213
63.0,2,False,True,True,Taslihat,1800000000.0,1800.0,28571428.57142857,28.57142857142857
91.0,2,True,True,True,Tehran Now,3000000000.0,3000.0,32967032.967032965,32.967032967032964
70.0,2,False,False,False,Tehran Now,1700000000.0,1700.0,24285714.285714287,24.28571428571429
104.0,2,True,True,False,Tehran Now,2200000000.0,2200.0,21153846.153846152,21.153846153846153
60.0,1,False,True,False,Tehran Now,1500000000.0,1500.0,25000000.0,25.0
100.0,2,False,True,False,Tehransar,2000000000.0,2000.0,20000000.0,20.0
100.0,2,False,True,False,Tehransar,2000000000.0,2000.0,20000000.0,20.0
100.0,2,False,True,False,Tehransar,2000000000.0,2000.0,20000000.0,20.0
50.0,1,True,True,False,Tehransar,1250000000.0,1250.0,25000000.0,25.0
62.0,1,True,False,True,Tehransar,1530000000.0,1530.0,24677419.35483871,24.67741935483871
120.0,2,True,True,True,Tehransar,3480000000.0,3480.0,29000000.0,29.0
37.0,1,True,True,True,Tehransar,1180000000.0,1180.0,31891891.891891893,31.891891891891895
74.0,2,False,True,True,Telecommunication,780000000.0,780.0,10540540.54054054,10.54054054054054
135.0,3,True,True,True,Tenant,4050000000.0,4050.0,30000000.0,30.0
70.0,2,True,True,True,Tenant,2030000000.0,2030.0,29000000.0,29.0
97.0,2,True,False,True,Tenant,2330000000.0,2330.0,24020618.55670103,24.02061855670103
51.0,1,True,True,True,Tenant,1380000000.0,1380.0,27058823.529411763,27.058823529411764
40.0,1,False,True,False,Tenant,1050000000.0,1050.0,26250000.0,26.25
63.0,1,False,False,True,Tenant,1350000000.0,1350.0,21428571.42857143,21.42857142857143
50.0,1,False,False,True,Tenant,1250000000.0,1250.0,25000000.0,25.0
53.0,1,False,True,False,Tenant,1113000000.0,1113.0,21000000.0,21.0
63.0,2,True,False,True,Tenant,1890000000.0,1890.0,30000000.0,30.0
96.0,2,True,True,True,Tenant,2400000000.0,2400.0,25000000.0,25.0
90.0,2,True,True,True,Tenant,2300000000.0,2300.0,25555555.555555556,25.555555555555557
120.0,3,True,True,True,Tenant,3240000000.0,3240.0,27000000.0,27.0
100.0,2,True,True,True,Tenant,2600000000.0,2600.0,26000000.0,26.0
43.0,1,True,True,True,Tenant,1200000000.0,1200.0,27906976.744186047,27.906976744186046
50.0,1,False,False,True,Tenant,1200000000.0,1200.0,24000000.0,24.0
60.0,1,False,True,False,Tenant,1120000000.0,1120.0,18666666.666666668,18.666666666666668
55.0,1,False,False,False,Tenant,1420000000.0,1420.0,25818181.818181816,25.818181818181817
55.0,1,False,True,False,Tenant,1155000000.0,1155.0,21000000.0,21.0
60.0,1,True,True,False,Tenant,1400000000.0,1400.0,23333333.333333332,23.333333333333332
53.0,2,False,False,False,Tenant,1100000000.0,1100.0,20754716.981132075,20.754716981132074
55.0,1,False,True,True,Tenant,1400000000.0,1400.0,25454545.454545453,25.454545454545453
63.0,1,True,False,True,Thirteen November,800000000.0,800.0,12698412.698412698,12.698412698412698
42.0,1,True,False,True,Vahidieh,975000000.0,975.0,23214285.714285713,23.21428571428571
60.0,2,False,True,True,Vahidieh,1280000000.0,1280.0,21333333.333333332,21.333333333333332
84.0,2,False,True,True,Vahidiyeh,588000000.0,588.0,7000000.0,7.0
86.0,2,False,True,False,Vahidiyeh,520000000.0,520.0,6046511.627906977,6.046511627906977
81.0,2,True,True,True,Valiasr,1863000000.0,1863.0,23000000.0,23.0
100.0,2,True,True,True,Valiasr,2300000000.0,2300.0,23000000.0,23.0
88.0,2,True,True,True,Valiasr,2024000000.0,2024.0,23000000.0,23.0
83.0,2,False,True,True,Valiasr,1700000000.0,1700.0,20481927.710843373,20.481927710843372
81.0,2,True,True,False,Valiasr,1800000000.0,1800.0,22222222.222222224,22.222222222222225
287.0,5,True,True,False,Vanak,57500000000.0,57500.0,200348432.05574912,200.34843205574913
145.0,3,True,True,True,Vanak,7900000000.0,7900.0,54482758.62068965,54.48275862068965
750.0,5,True,True,False,Varamin - Beheshti,3500000000.0,3500.0,4666666.666666667,4.666666666666667
160.0,3,True,True,True,Velenjak,14945000000.0,14945.0,93406250.0,93.40625
105.0,2,True,True,True,Velenjak,9500000000.0,9500.0,90476190.47619048,90.47619047619048
160.0,3,True,True,True,Velenjak,10700000000.0,10700.0,66875000.0,66.875
303.0,4,True,True,True,Velenjak,48000000000.0,48000.0,158415841.58415842,158.41584158415841
195.0,3,True,True,True,Velenjak,19500000000.0,19500.0,100000000.0,100.0
280.0,4,True,True,True,Velenjak,30800000000.0,30800.0,110000000.0,110.0
238.0,3,True,True,True,Velenjak,42840000000.0,42840.0,180000000.0,180.0
240.0,3,True,True,True,Velenjak,46000000000.0,46000.0,191666666.66666666,191.66666666666666
115.0,3,True,True,True,Velenjak,12650000000.0,12650.0,110000000.0,110.0
170.0,3,False,False,False,Velenjak,15700000000.0,15700.0,92352941.1764706,92.3529411764706
177.0,3,True,True,True,Velenjak,21700000000.0,21700.0,122598870.05649717,122.59887005649718
238.0,3,True,True,True,Velenjak,46900000000.0,46900.0,197058823.52941176,197.05882352941177
144.0,3,True,True,True,Velenjak,12000000000.0,12000.0,83333333.33333333,83.33333333333333
181.0,3,True,True,True,Velenjak,13600000000.0,13600.0,75138121.54696132,75.13812154696133
160.0,3,True,True,True,Velenjak,9600000000.0,9600.0,60000000.0,60.0
179.0,3,True,True,True,Velenjak,8055000000.0,8055.0,45000000.0,45.0
107.0,2,True,True,True,Velenjak,13200000000.0,13200.0,123364485.98130842,123.36448598130842
120.0,2,True,True,True,Velenjak,9000000000.0,9000.0,75000000.0,75.0
130.0,2,True,True,True,Velenjak,18200000000.0,18200.0,140000000.0,140.0
250.0,3,True,True,True,Velenjak,40000000000.0,40000.0,160000000.0,160.0
186.0,3,True,True,True,Velenjak,15000000000.0,15000.0,80645161.29032259,80.64516129032259
123.0,3,True,True,True,Velenjak,12500000000.0,12500.0,101626016.2601626,101.6260162601626
94.0,2,True,True,True,Villa,4130000000.0,4130.0,43936170.212765954,43.93617021276595
62.0,1,True,False,True,Water Organization,2150000000.0,2150.0,34677419.35483871,34.677419354838705
115.0,2,True,True,True,Water Organization,3800000000.0,3800.0,33043478.260869566,33.04347826086957
110.0,2,True,True,False,Water Organization,3950000000.0,3950.0,35909090.90909091,35.90909090909091
78.0,2,True,True,False,Water Organization,2500000000.0,2500.0,32051282.051282052,32.05128205128205
57.0,2,False,False,True,Waterfall,1265000000.0,1265.0,22192982.45614035,22.19298245614035
175.0,3,True,True,True,Waterfall,8600000000.0,8600.0,49142857.14285714,49.14285714285714
68.0,2,False,True,True,Waterfall,1000000000.0,1000.0,14705882.352941176,14.705882352941176
71.0,1,True,True,True,West Ferdows Boulevard,2370000000.0,2370.0,33380281.690140843,33.38028169014084
68.0,2,True,True,True,West Ferdows Boulevard,2450000000.0,2450.0,36029411.76470588,36.029411764705884
100.0,2,True,True,True,West Ferdows Boulevard,3200000000.0,3200.0,32000000.0,32.0
49.0,1,True,True,True,West Ferdows Boulevard,2200000000.0,2200.0,44897959.18367347,44.89795918367347
68.0,2,True,True,True,West Ferdows Boulevard,2500000000.0,2500.0,36764705.88235294,36.76470588235294
55.0,1,True,True,True,West Ferdows Boulevard,2150000000.0,2150.0,39090909.09090909,39.09090909090909
110.0,2,True,True,True,West Ferdows Boulevard,3750000000.0,3750.0,34090909.09090909,34.09090909090909
129.0,2,True,True,True,West Ferdows Boulevard,5250000000.0,5250.0,40697674.41860465,40.69767441860465
109.0,2,True,True,True,West Ferdows Boulevard,4830000000.0,4830.0,44311926.60550459,44.31192660550459
60.0,1,True,True,True,West Ferdows Boulevard,2450000000.0,2450.0,40833333.333333336,40.833333333333336
110.0,2,True,True,True,West Ferdows Boulevard,3730000000.0,3730.0,33909090.90909091,33.90909090909091
60.0,2,True,True,False,West Ferdows Boulevard,2000000000.0,2000.0,33333333.333333332,33.33333333333333
55.0,1,False,True,False,West Ferdows Boulevard,1550000000.0,1550.0,28181818.181818184,28.181818181818183
103.0,3,True,True,True,West Ferdows Boulevard,3200000000.0,3200.0,31067961.165048543,31.067961165048544
48.0,1,True,True,True,West Ferdows Boulevard,1920000000.0,1920.0,40000000.0,40.0
70.0,2,True,True,False,West Ferdows Boulevard,2120000000.0,2120.0,30285714.285714287,30.28571428571429
65.0,1,True,True,False,West Ferdows Boulevard,1930000000.0,1930.0,29692307.692307692,29.692307692307693
55.0,1,True,True,True,West Ferdows Boulevard,1850000000.0,1850.0,33636363.63636363,33.63636363636363
82.0,2,True,True,True,West Ferdows Boulevard,3450000000.0,3450.0,42073170.73170732,42.07317073170732
55.0,1,False,True,False,West Ferdows Boulevard,1550000000.0,1550.0,28181818.181818184,28.181818181818183
49.0,1,True,True,True,West Ferdows Boulevard,2200000000.0,2200.0,44897959.18367347,44.89795918367347
55.0,1,True,True,True,West Ferdows Boulevard,2200000000.0,2200.0,40000000.0,40.0
53.0,1,False,True,False,West Ferdows Boulevard,1640000000.0,1640.0,30943396.226415094,30.943396226415093
51.0,1,False,True,False,West Ferdows Boulevard,1550000000.0,1550.0,30392156.8627451,30.3921568627451
54.0,1,True,True,False,West Ferdows Boulevard,2130000000.0,2130.0,39444444.44444445,39.44444444444445
75.0,2,True,True,True,West Ferdows Boulevard,2800000000.0,2800.0,37333333.333333336,37.333333333333336
98.0,2,True,True,True,West Ferdows Boulevard,4520000000.0,4520.0,46122448.97959184,46.12244897959184
101.0,2,True,True,True,West Ferdows Boulevard,3700000000.0,3700.0,36633663.366336636,36.633663366336634
68.0,2,True,True,True,West Ferdows Boulevard,2200000000.0,2200.0,32352941.17647059,32.35294117647059
68.0,1,True,True,True,West Ferdows Boulevard,3570000000.0,3570.0,52500000.0,52.5
67.0,2,True,True,True,West Ferdows Boulevard,2200000000.0,2200.0,32835820.89552239,32.83582089552239
98.0,2,True,True,False,West Ferdows Boulevard,3750000000.0,3750.0,38265306.12244898,38.26530612244898
62.0,2,True,True,True,West Ferdows Boulevard,2750000000.0,2750.0,44354838.70967742,44.35483870967742
60.0,1,True,True,True,West Ferdows Boulevard,2450000000.0,2450.0,40833333.333333336,40.833333333333336
58.0,1,True,True,True,West Ferdows Boulevard,2050000000.0,2050.0,35344827.5862069,35.3448275862069
75.0,2,True,True,False,West Ferdows Boulevard,1950000000.0,1950.0,26000000.0,26.0
95.0,2,True,True,True,West Ferdows Boulevard,4200000000.0,4200.0,44210526.315789476,44.21052631578947
76.0,2,True,True,False,West Ferdows Boulevard,2400000000.0,2400.0,31578947.36842105,31.57894736842105
78.0,2,True,True,True,West Ferdows Boulevard,2650000000.0,2650.0,33974358.974358976,33.97435897435898
68.0,1,True,True,False,West Ferdows Boulevard,1950000000.0,1950.0,28676470.588235293,28.676470588235293
48.0,1,True,True,False,West Ferdows Boulevard,1900000000.0,1900.0,39583333.333333336,39.583333333333336
75.0,2,True,True,False,West Ferdows Boulevard,2450000000.0,2450.0,32666666.666666668,32.66666666666667
50.0,1,True,True,True,West Ferdows Boulevard,1900000000.0,1900.0,38000000.0,38.0
57.0,1,True,True,True,West Ferdows Boulevard,2300000000.0,2300.0,40350877.19298246,40.35087719298246
72.0,2,True,True,False,West Ferdows Boulevard,2300000000.0,2300.0,31944444.444444444,31.944444444444443
50.0,1,True,True,True,West Ferdows Boulevard,1950000000.0,1950.0,39000000.0,39.0
85.0,2,True,True,True,West Ferdows Boulevard,3450000000.0,3450.0,40588235.294117644,40.588235294117645
72.0,2,True,True,True,West Ferdows Boulevard,2500000000.0,2500.0,34722222.222222224,34.72222222222222
100.0,2,True,True,True,West Ferdows Boulevard,3450000000.0,3450.0,34500000.0,34.5
50.0,1,True,True,True,West Ferdows Boulevard,1950000000.0,1950.0,39000000.0,39.0
50.0,1,True,True,True,West Ferdows Boulevard,1950000000.0,1950.0,39000000.0,39.0
55.0,1,True,True,False,West Ferdows Boulevard,1950000000.0,1950.0,35454545.45454545,35.45454545454545
67.0,2,True,False,False,West Ferdows Boulevard,2200000000.0,2200.0,32835820.89552239,32.83582089552239
70.0,1,True,True,True,West Ferdows Boulevard,2400000000.0,2400.0,34285714.28571428,34.285714285714285
95.0,2,True,True,True,West Ferdows Boulevard,3300000000.0,3300.0,34736842.10526316,34.73684210526316
65.0,2,True,True,True,West Ferdows Boulevard,2380000000.0,2380.0,36615384.615384616,36.61538461538461
55.0,1,False,False,False,West Ferdows Boulevard,1900000000.0,1900.0,34545454.54545455,34.54545454545455
82.0,2,True,True,True,West Ferdows Boulevard,3500000000.0,3500.0,42682926.82926829,42.68292682926829
98.0,2,True,True,True,West Ferdows Boulevard,4400000000.0,4400.0,44897959.18367347,44.89795918367347
87.0,2,True,True,True,West Ferdows Boulevard,2830000000.0,2830.0,32528735.63218391,32.52873563218391
79.0,2,True,True,True,West Ferdows Boulevard,2400000000.0,2400.0,30379746.83544304,30.37974683544304
79.0,2,True,True,True,West Ferdows Boulevard,3100000000.0,3100.0,39240506.32911392,39.24050632911392
110.0,2,True,True,True,West Ferdows Boulevard,3950000000.0,3950.0,35909090.90909091,35.90909090909091
87.0,2,True,True,True,West Ferdows Boulevard,3800000000.0,3800.0,43678160.91954023,43.678160919540225
108.0,2,True,True,True,West Ferdows Boulevard,3950000000.0,3950.0,36574074.074074075,36.574074074074076
110.0,2,True,True,True,West Ferdows Boulevard,3750000000.0,3750.0,34090909.09090909,34.09090909090909
108.0,2,True,True,True,West Ferdows Boulevard,3450000000.0,3450.0,31944444.444444444,31.944444444444443
65.0,2,True,True,True,West Ferdows Boulevard,2760000000.0,2760.0,42461538.461538464,42.46153846153847
83.0,2,True,True,False,West Ferdows Boulevard,2400000000.0,2400.0,28915662.65060241,28.91566265060241
88.0,2,True,True,True,West Ferdows Boulevard,3100000000.0,3100.0,35227272.72727273,35.22727272727273
68.0,2,True,True,True,West Ferdows Boulevard,2300000000.0,2300.0,33823529.4117647,33.8235294117647
68.0,2,True,True,True,West Ferdows Boulevard,2200000000.0,2200.0,32352941.17647059,32.35294117647059
116.0,2,True,True,True,West Ferdows Boulevard,5050000000.0,5050.0,43534482.75862069,43.53448275862068
120.0,2,True,True,True,West Ferdows Boulevard,5000000000.0,5000.0,41666666.666666664,41.666666666666664
65.0,2,True,True,False,West Ferdows Boulevard,2250000000.0,2250.0,34615384.615384616,34.61538461538461
106.0,2,True,True,True,West Ferdows Boulevard,3900000000.0,3900.0,36792452.83018868,36.79245283018868
56.0,1,True,True,True,West Ferdows Boulevard,2250000000.0,2250.0,40178571.428571425,40.17857142857142
70.0,1,True,True,True,West Ferdows Boulevard,3650000000.0,3650.0,52142857.14285714,52.14285714285714
72.0,2,True,True,False,West Ferdows Boulevard,2400000000.0,2400.0,33333333.333333332,33.33333333333333
57.0,1,True,True,True,West Ferdows Boulevard,2900000000.0,2900.0,50877192.98245614,50.87719298245614
62.0,1,True,True,True,West Ferdows Boulevard,2650000000.0,2650.0,42741935.48387097,42.74193548387097
65.0,2,True,True,True,West Ferdows Boulevard,3100000000.0,3100.0,47692307.692307696,47.69230769230769
65.0,1,True,True,True,West Ferdows Boulevard,2800000000.0,2800.0,43076923.07692308,43.07692307692308
68.0,2,True,True,True,West Ferdows Boulevard,2900000000.0,2900.0,42647058.823529415,42.64705882352941
60.0,2,True,True,True,West Ferdows Boulevard,2850000000.0,2850.0,47500000.0,47.5
60.0,2,True,True,True,West Ferdows Boulevard,2850000000.0,2850.0,47500000.0,47.5
70.0,2,True,True,True,West Ferdows Boulevard,2600000000.0,2600.0,37142857.14285714,37.14285714285714
75.0,2,True,True,False,West Ferdows Boulevard,2500000000.0,2500.0,33333333.333333332,33.33333333333333
77.0,2,True,True,True,West Ferdows Boulevard,3400000000.0,3400.0,44155844.15584416,44.15584415584416
66.0,2,True,True,True,West Ferdows Boulevard,2270000000.0,2270.0,34393939.39393939,34.39393939393939
60.0,2,True,True,True,West Ferdows Boulevard,2650000000.0,2650.0,44166666.666666664,44.166666666666664
81.0,2,True,True,True,West Ferdows Boulevard,3300000000.0,3300.0,40740740.74074074,40.74074074074074
112.0,3,True,True,True,West Ferdows Boulevard,3600000000.0,3600.0,32142857.14285714,32.14285714285714
91.0,2,True,True,True,West Ferdows Boulevard,3600000000.0,3600.0,39560439.56043956,39.560439560439555
105.0,2,True,True,True,West Ferdows Boulevard,3650000000.0,3650.0,34761904.76190476,34.76190476190476
92.0,2,True,True,True,West Ferdows Boulevard,2970000000.0,2970.0,32282608.695652176,32.28260869565218
71.0,2,True,True,True,West Ferdows Boulevard,2330000000.0,2330.0,32816901.408450704,32.816901408450704
73.0,2,True,True,False,West Ferdows Boulevard,2200000000.0,2200.0,30136986.301369864,30.136986301369866
65.0,2,True,True,False,West Ferdows Boulevard,2150000000.0,2150.0,33076923.076923076,33.07692307692307
68.0,2,True,True,True,West Ferdows Boulevard,2300000000.0,2300.0,33823529.4117647,33.8235294117647
80.0,2,True,True,True,West Ferdows Boulevard,2700000000.0,2700.0,33750000.0,33.75
68.0,2,True,True,False,West Ferdows Boulevard,2300000000.0,2300.0,33823529.4117647,33.8235294117647
55.0,1,True,True,True,West Ferdows Boulevard,1900000000.0,1900.0,34545454.54545455,34.54545454545455
65.0,2,True,True,False,West Ferdows Boulevard,2200000000.0,2200.0,33846153.84615385,33.84615384615385
55.0,1,False,True,False,West Ferdows Boulevard,1550000000.0,1550.0,28181818.181818184,28.181818181818183
58.0,1,True,True,True,West Ferdows Boulevard,2050000000.0,2050.0,35344827.5862069,35.3448275862069
76.0,2,True,True,False,West Ferdows Boulevard,1990000000.0,1990.0,26184210.52631579,26.18421052631579
71.0,2,False,False,False,West Ferdows Boulevard,2000000000.0,2000.0,28169014.08450704,28.16901408450704
110.0,2,True,True,True,West Ferdows Boulevard,5050000000.0,5050.0,45909090.90909091,45.90909090909091
55.0,1,False,True,False,West Ferdows Boulevard,1580000000.0,1580.0,28727272.727272727,28.727272727272727
73.0,2,False,True,False,West Ferdows Boulevard,1840000000.0,1840.0,25205479.452054795,25.205479452054796
72.0,2,True,True,False,West Ferdows Boulevard,2000000000.0,2000.0,27777777.777777776,27.777777777777775
83.0,2,True,True,True,West Ferdows Boulevard,2640000000.0,2640.0,31807228.91566265,31.80722891566265
115.0,2,True,True,True,West Ferdows Boulevard,4900000000.0,4900.0,42608695.652173914,42.608695652173914
68.0,2,True,True,True,West Ferdows Boulevard,2930000000.0,2930.0,43088235.294117644,43.088235294117645
60.0,2,True,True,True,West Ferdows Boulevard,2550000000.0,2550.0,42500000.0,42.5
59.0,1,True,True,False,West Ferdows Boulevard,1950000000.0,1950.0,33050847.457627118,33.05084745762712
50.0,1,True,True,True,West Ferdows Boulevard,2200000000.0,2200.0,44000000.0,44.0
71.0,2,True,True,False,West Ferdows Boulevard,2800000000.0,2800.0,39436619.71830986,39.436619718309856
55.0,1,True,True,True,West Ferdows Boulevard,2250000000.0,2250.0,40909090.90909091,40.90909090909091
105.0,2,False,False,False,West Ferdows Boulevard,3150000000.0,3150.0,30000000.0,30.0
105.0,2,True,True,True,West Ferdows Boulevard,3500000000.0,3500.0,33333333.333333332,33.33333333333333
59.0,1,True,True,True,West Ferdows Boulevard,2000000000.0,2000.0,33898305.084745765,33.898305084745765
81.0,2,True,True,True,West Ferdows Boulevard,3400000000.0,3400.0,41975308.641975306,41.9753086419753
55.0,1,True,True,True,West Ferdows Boulevard,2150000000.0,2150.0,39090909.09090909,39.09090909090909
119.0,2,True,True,True,West Ferdows Boulevard,4950000000.0,4950.0,41596638.65546218,41.596638655462186
75.0,2,True,True,False,West Ferdows Boulevard,2480000000.0,2480.0,33066666.666666668,33.06666666666667
94.0,2,True,True,True,West Ferdows Boulevard,4100000000.0,4100.0,43617021.27659574,43.61702127659574
80.0,2,True,True,True,West Ferdows Boulevard,3000000000.0,3000.0,37500000.0,37.5
71.0,2,True,True,False,West Ferdows Boulevard,2000000000.0,2000.0,28169014.08450704,28.16901408450704
76.0,2,True,True,True,West Ferdows Boulevard,2600000000.0,2600.0,34210526.315789476,34.21052631578947
45.0,1,True,True,False,West Ferdows Boulevard,1650000000.0,1650.0,36666666.666666664,36.666666666666664
60.0,1,True,True,False,West Ferdows Boulevard,1860000000.0,1860.0,31000000.0,31.0
60.0,1,True,True,True,West Ferdows Boulevard,1950000000.0,1950.0,32500000.0,32.5
75.0,2,True,True,True,West Ferdows Boulevard,2650000000.0,2650.0,35333333.333333336,35.333333333333336
110.0,2,True,True,True,West Pars,4000000000.0,4000.0,36363636.36363637,36.36363636363637
114.0,2,True,True,True,West Pars,3820000000.0,3820.0,33508771.92982456,33.50877192982456
84.0,2,True,True,True,West Pars,3100000000.0,3100.0,36904761.9047619,36.904761904761905
65.0,2,False,True,True,West Pars,2000000000.0,2000.0,30769230.769230768,30.769230769230766
80.0,2,True,True,True,West Pars,2160000000.0,2160.0,27000000.0,27.0
73.0,1,True,True,True,West Pars,2200000000.0,2200.0,30136986.301369864,30.136986301369866
135.0,3,True,True,True,West Pars,5600000000.0,5600.0,41481481.481481485,41.48148148148149
65.0,2,True,True,False,West Pars,1950000000.0,1950.0,30000000.0,30.0
85.0,2,True,True,True,Yaftabad,1250000000.0,1250.0,14705882.352941176,14.705882352941176
85.0,2,True,True,True,Yaftabad,1250000000.0,1250.0,14705882.352941176,14.705882352941176
85.0,2,True,True,True,Yaftabad,1250000000.0,1250.0,14705882.352941176,14.705882352941176
66.0,2,False,True,False,Yakhchiabad,1000000000.0,1000.0,15151515.151515152,15.151515151515152
125.0,3,True,True,True,Yousef Abad,8750000000.0,8750.0,70000000.0,70.0
106.0,2,True,True,True,Yousef Abad,5700000000.0,5700.0,53773584.905660376,53.77358490566038
130.0,3,True,True,True,Yousef Abad,8000000000.0,8000.0,61538461.538461536,61.53846153846153
92.0,2,True,True,True,Yousef Abad,6300000000.0,6300.0,68478260.86956522,68.47826086956522
74.0,2,True,True,True,Yousef Abad,3920000000.0,3920.0,52972972.972972974,52.972972972972975
97.0,2,True,True,True,Yousef Abad,5000000000.0,5000.0,51546391.75257732,51.54639175257732
100.0,2,True,True,False,Yousef Abad,4300000000.0,4300.0,43000000.0,43.0
60.0,1,True,True,True,Yousef Abad,3250000000.0,3250.0,54166666.666666664,54.166666666666664
130.0,3,True,True,True,Yousef Abad,7800000000.0,7800.0,60000000.0,60.0
160.0,2,True,True,True,Yousef Abad,8600000000.0,8600.0,53750000.0,53.75
112.0,2,True,True,True,Yousef Abad,5600000000.0,5600.0,50000000.0,50.0
110.0,2,True,True,True,Yousef Abad,5700000000.0,5700.0,51818181.81818182,51.81818181818182
101.0,2,True,True,True,Yousef Abad,5500000000.0,5500.0,54455445.54455446,54.45544554455446
115.0,2,True,True,True,Yousef Abad,5400000000.0,5400.0,46956521.73913044,46.95652173913044
100.0,2,True,True,False,Yousef Abad,3950000000.0,3950.0,39500000.0,39.5
80.0,2,True,True,True,Yousef Abad,4250000000.0,4250.0,53125000.0,53.125
105.0,3,True,True,True,Yousef Abad,4725000000.0,4725.0,45000000.0,45.0
147.0,3,True,True,True,Yousef Abad,11600000000.0,11600.0,78911564.62585033,78.91156462585033
125.0,3,True,True,True,Yousef Abad,8450000000.0,8450.0,67600000.0,67.6
114.0,3,True,True,True,Yousef Abad,4900000000.0,4900.0,42982456.14035088,42.98245614035088
136.0,3,True,True,True,Yousef Abad,8200000000.0,8200.0,60294117.64705882,60.29411764705882
120.0,3,True,True,True,Yousef Abad,8000000000.0,8000.0,66666666.666666664,66.66666666666666
120.0,3,True,True,True,Yousef Abad,7000000000.0,7000.0,58333333.333333336,58.333333333333336
130.0,3,True,True,True,Yousef Abad,6000000000.0,6000.0,46153846.15384615,46.15384615384615
135.0,3,True,True,True,Yousef Abad,10000000000.0,10000.0,74074074.07407407,74.07407407407408
110.0,2,True,True,True,Yousef Abad,6000000000.0,6000.0,54545454.54545455,54.54545454545455
105.0,2,True,True,True,Yousef Abad,5600000000.0,5600.0,53333333.333333336,53.333333333333336
90.0,2,True,True,False,Yousef Abad,6300000000.0,6300.0,70000000.0,70.0
95.0,2,True,True,True,Yousef Abad,6300000000.0,6300.0,66315789.473684214,66.31578947368422
122.0,3,True,True,True,Yousef Abad,6000000000.0,6000.0,49180327.86885246,49.18032786885246
123.0,2,True,True,True,Yousef Abad,7630000000.0,7630.0,62032520.325203255,62.03252032520326
120.0,2,True,True,True,Yousef Abad,7200000000.0,7200.0,60000000.0,60.0
150.0,3,True,True,True,Yousef Abad,11000000000.0,11000.0,73333333.33333333,73.33333333333333
55.0,2,False,True,False,Yousef Abad,2150000000.0,2150.0,39090909.09090909,39.09090909090909
148.0,3,True,True,True,Yousef Abad,8140000000.0,8140.0,55000000.0,55.0
95.0,2,True,True,True,Zafar,5000000000.0,5000.0,52631578.94736842,52.63157894736842
110.0,2,False,True,True,Zafar,5550000000.0,5550.0,50454545.45454545,50.45454545454545
85.0,2,True,True,True,Zafar,5000000000.0,5000.0,58823529.4117647,58.8235294117647
110.0,2,True,True,True,Zafar,5700000000.0,5700.0,51818181.81818182,51.81818181818182
150.0,3,True,True,True,Zaferanieh,10490000000.0,10490.0,69933333.33333333,69.93333333333332
135.0,2,True,True,True,Zaferanieh,17500000000.0,17500.0,129629629.62962963,129.62962962962962
135.0,3,True,True,True,Zaferanieh,11800000000.0,11800.0,87407407.4074074,87.4074074074074
300.0,4,True,True,True,Zaferanieh,42000000000.0,42000.0,140000000.0,140.0
137.0,3,True,True,True,Zaferanieh,10000000000.0,10000.0,72992700.729927,72.99270072992701
145.0,2,True,True,True,Zaferanieh,11000000000.0,11000.0,75862068.96551724,75.86206896551724
170.0,2,True,True,True,Zaferanieh,32000000000.0,32000.0,188235294.11764705,188.23529411764704
157.0,3,True,True,True,Zaferanieh,14800000000.0,14800.0,94267515.92356688,94.26751592356688
170.0,3,True,True,True,Zaferanieh,19000000000.0,19000.0,111764705.88235295,111.76470588235294
283.0,3,True,True,True,Zaferanieh,29700000000.0,29700.0,104946996.4664311,104.9469964664311
261.0,4,True,True,True,Zaferanieh,26000000000.0,26000.0,99616858.23754789,99.61685823754789
145.0,3,True,True,True,Zaferanieh,11000000000.0,11000.0,75862068.96551724,75.86206896551724
90.0,2,True,True,True,Zaferanieh,6700000000.0,6700.0,74444444.44444445,74.44444444444444
203.0,3,True,True,True,Zaferanieh,36000000000.0,36000.0,177339901.47783253,177.3399014778325
231.0,3,True,True,True,Zaferanieh,43197000000.0,43197.0,187000000.0,187.0
138.0,2,True,True,True,Zaferanieh,17250000000.0,17250.0,125000000.0,125.0
200.0,3,True,True,True,Zaferanieh,24000000000.0,24000.0,120000000.0,120.0
228.0,3,True,True,True,Zaferanieh,20292000000.0,20292.0,89000000.0,89.0
190.0,3,True,True,True,Zaferanieh,13000000000.0,13000.0,68421052.63157895,68.42105263157895
290.0,4,True,True,True,Zaferanieh,15950000000.0,15950.0,55000000.0,55.0
150.0,2,True,True,True,Zaferanieh,15000000000.0,15000.0,100000000.0,100.0
115.0,2,True,True,True,Zaferanieh,10200000000.0,10200.0,88695652.17391305,88.69565217391305
135.0,2,True,True,True,Zaferanieh,18000000000.0,18000.0,133333333.33333333,133.33333333333331
115.0,2,True,True,True,Zaferanieh,18000000000.0,18000.0,156521739.13043478,156.52173913043478
250.0,4,True,True,True,Zaferanieh,18750000000.0,18750.0,75000000.0,75.0
96.0,2,True,True,True,Zargandeh,7872000000.0,7872.0,82000000.0,82.0
185.0,3,True,True,True,Zargandeh,9000000000.0,9000.0,48648648.64864865,48.64864864864865
106.0,2,True,True,True,Zargandeh,5600000000.0,5600.0,52830188.679245286,52.83018867924529
98.0,2,True,True,True,Zargandeh,5800000000.0,5800.0,59183673.469387755,59.183673469387756
115.0,2,True,True,True,Zibadasht,4350000000.0,4350.0,37826086.95652174,37.82608695652174
